"Id","AB_Thorn","AB_W_Thorn","Nar","Cal","cal_riosu_zr","Na_un_cusal","Na_un_cusba","srtm","slope","intDrain","extDrain","effDepth","trmm_0","trmm_1","trmm_2","trmm_3","tempAvg_0","tempRang_0","PrecAcc_0","tempAvg_1","tempRang_1","PrecAcc_1","tempAvg_2","tempRang_2","PrecAcc_2","tempAvg_3","tempRang_3","PrecAcc_3","Yield","Yield_2","Region"
1,1,1,0,0,0,0,1,2349,32,2,3,70,3.822440167,4.8146157,3.426696733,3.656759637,15.5,7.6,210,15.5,7.2,321,151,74,286,157,79,222,0.00118,0.245459938733774,"Caldas"
2,1,1,0,0,0,0,1,2349,32,2,3,70,1.4509891,4.008026667,4.7970986,2.961126137,15.5,8.4,180,15.5,7.6,210,155,72,321,151,74,286,0.00147,-0.23476142625027,"Caldas"
3,1,1,0,0,0,0,1,2349,32,2,3,70,1.125383167,4.006805267,4.5879162,3.550940333,15.5,8.4,180,15.5,7.6,210,155,72,321,151,74,286,0.00147,0.226382147710374,"Caldas"
4,1,1,0,0,0,0,1,2349,32,2,3,70,3.467805067,3.894923967,3.681143333,4.69856237,15.5,7.6,210,15.5,7.2,321,151,74,286,157,79,222,0.00147,-0.858965476554336,"Caldas"
5,1,1,0,0,0,0,1,2349,32,2,3,70,1.292576267,3.525988867,4.457657933,3.145616267,15.5,8.4,180,15.5,7.6,210,155,72,321,151,74,286,0.00176,0.95192391291909,"Caldas"
6,1,1,0,0,0,0,1,2399,50,2,2,75,1.245746033,2.118952067,1.3957803,7.2881774,14.6,8,144,14,7.9,121,140,75,153,140,72,270,0.00214,-1.36837344389535,"Caldas"
7,1,1,0,0,0,0,1,2349,32,2,3,70,3.401254767,2.907155333,4.404803667,3.214887937,15.5,8.4,180,15.5,7.6,210,155,72,321,151,74,286,0.00235,-0.268166268343449,"Caldas"
8,1,1,0,0,0,0,1,2349,32,2,3,70,1.529360067,1.6490497,4.1522457,4.678530467,15.3,8.1,200,15.5,8.4,180,155,76,210,155,72,321,0.00235,1.9465729228906,"Caldas"
9,1,1,0,0,0,0,1,2399,50,2,2,75,2.4647065,0.6907342,3.200793767,7.511240733,14.6,8,144,14,7.9,121,140,75,153,140,72,270,0.0025,1.1917194996561,"Caldas"
10,1,1,0,0,0,0,1,2399,50,2,2,75,0.8027038,2.0179651,7.830376833,5.769733367,14,7.9,121,14,7.5,153,140,72,270,142,70,309,0.0025,1.73272874690827,"Caldas"
11,0,1,0,0,0,0,1,2331,2,2,2,75,4.490317233,4.691298067,2.901512867,1.3218506,15.1,7.5,279,15.3,7.4,338,154,81,246,157,82,202,0.00267,0.491368708550319,"Caldas"
12,0,1,0,0,0,0,1,2331,2,2,2,75,2.473164767,1.554052767,1.1462866,3.789316867,15.4,8.1,246,15.7,8.2,202,158,84,178,157,76,208,0.00289,-2.64720483740825,"Caldas"
13,0,1,0,0,0,0,1,2331,2,2,2,75,2.915040567,1.2986223,1.268334367,3.456328267,15.4,8.1,246,15.7,8.2,202,158,84,178,157,76,208,0.00289,-1.56719659135459,"Caldas"
14,1,1,0,0,0,0,1,2349,32,2,3,70,1.4904492,1.006705167,3.559744267,4.7913762,15.3,8.1,200,15.5,8.4,180,155,76,210,155,72,321,0.00294,-1.28596338175799,"Caldas"
15,1,1,0,0,0,0,1,2349,32,2,3,70,1.4504941,1.279280867,3.553902267,3.436973633,15.3,8.1,200,15.5,8.4,180,155,76,210,155,72,321,0.00294,-0.362599449546103,"Caldas"
16,0,1,0,0,0,0,1,2331,2,2,2,75,2.7909908,2.080983197,5.3748122,3.8231898,15.4,8.1,129,15.2,7.7,179,151,75,279,153,74,338,0.00311,-1.29897556651885,"Caldas"
17,1,1,0,0,0,0,1,2349,32,2,3,70,3.766939667,5.1590607,3.039027833,3.319416237,15.5,7.6,210,15.5,7.2,321,151,74,286,157,79,222,0.00323,0.622782753097102,"Caldas"
18,0,1,0,0,0,0,1,2331,2,2,2,75,3.341887267,5.762997433,3.188047567,1.4425326,15.2,7.7,179,15.1,7.5,279,153,74,338,154,81,246,0.00333,0.148766327487765,"Caldas"
19,0,1,0,0,0,0,1,2331,2,2,2,75,2.05965613,3.012508667,5.817395433,2.8541115,15.4,8.1,129,15.2,7.7,179,151,75,279,153,74,338,0.00333,0.832897100972369,"Caldas"
20,1,1,0,0,0,0,1,2399,50,2,2,75,2.6905669,0.8490655,2.583795667,7.064728767,14.6,8,144,14,7.9,121,140,75,153,140,72,270,0.00333,1.36253399362341,"Caldas"
21,1,1,0,0,0,0,1,2399,50,2,2,75,2.7578684,1.282327,5.8828667,8.063703833,14,7.9,121,14,7.5,153,140,72,270,142,70,309,0.00333,1.01204735492055,"Caldas"
22,1,1,0,0,0,0,1,2399,50,2,2,75,0.6068297,2.6164688,1.3167326,4.311898933,14.7,7.7,205,14.6,8,144,140,79,121,140,75,153,0.00333,0.00915470523787661,"Caldas"
23,1,1,0,0,0,0,1,2399,50,2,2,75,2.6039221,1.2558209,4.385357333,8.862771,14.6,8,144,14,7.9,121,140,75,153,140,72,270,0.00333,-0.233705672514229,"Caldas"
24,1,1,0,0,0,0,1,2349,32,2,3,70,1.594145567,3.539792667,3.266171933,4.096487167,15.5,8.4,180,15.5,7.6,210,155,72,321,151,74,286,0.00353,1.17166029808985,"Caldas"
25,1,1,0,0,0,0,1,2349,32,2,3,70,1.490694767,1.018937,4.036146067,4.423865,15.3,8.1,200,15.5,8.4,180,155,76,210,155,72,321,0.00353,-0.18215451784937,"Caldas"
26,1,1,0,0,0,0,1,2349,32,2,3,70,5.083606533,3.991674767,2.857289267,1.4100636,15,7.4,283,15,7.4,342,152,81,245,153,81,200,0.00353,0.0370043665829214,"Caldas"
27,1,1,0,0,0,0,1,2349,32,2,3,70,3.761441533,4.484624367,3.403351537,3.3075418,15.5,7.6,210,15.5,7.2,321,151,74,286,157,79,222,0.00353,-1.00589284948582,"Caldas"
28,0,1,0,0,0,0,1,2331,2,2,2,75,0.505885133,3.044595,1.852282097,3.383248567,15.9,7.9,219,15.8,8.2,151,154,81,129,152,77,179,0.00356,-1.06051261134458,"Caldas"
29,0,1,0,0,0,0,1,2331,2,2,2,75,1.571172597,4.988865433,4.342229967,2.916058067,15.2,7.7,179,15.1,7.5,279,153,74,338,154,81,246,0.00378,1.45059828866072,"Caldas"
30,0,1,0,0,0,0,1,2331,2,2,2,75,1.973482197,4.968935433,4.172439767,2.637404067,15.2,7.7,179,15.1,7.5,279,153,74,338,154,81,246,0.00378,0.726138894946021,"Caldas"
31,1,1,0,0,0,0,1,2349,32,2,3,70,5.2650614,2.840483367,1.2854127,1.617256367,15,7.4,342,15.2,8.1,245,153,81,200,155,84,180,0.00382,0.0916041304019804,"Caldas"
32,0,1,0,0,0,0,1,2331,2,2,2,75,2.813581467,1.3125403,1.636085967,2.9168064,15.4,8.1,246,15.7,8.2,202,158,84,178,157,76,208,0.004,0.0257611274056477,"Caldas"
33,0,1,0,0,0,0,1,2331,2,2,2,75,1.678501397,3.527466167,5.837297633,2.903907367,15.2,7.7,179,15.1,7.5,279,153,74,338,154,81,246,0.00422,-0.134092466337397,"Caldas"
34,0,1,0,0,0,0,1,2331,2,2,2,75,5.083606533,3.991674767,2.857289267,1.4100636,15.1,7.5,279,15.3,7.4,338,154,81,246,157,82,202,0.00422,-0.0388594937579501,"Caldas"
35,1,1,0,0,0,0,1,2349,32,2,3,70,1.4239568,1.525121867,2.274113467,3.697183533,15.2,8.1,245,15.3,8.1,200,155,84,180,155,76,210,0.00441,-1.72175609485636,"Caldas"
36,0,1,0,0,0,0,1,2331,2,2,2,75,2.646952867,1.3789345,1.023490667,3.530178667,15.4,8.1,246,15.7,8.2,202,158,84,178,157,76,208,0.00444,0.710979306552193,"Caldas"
37,0,1,0,0,0,0,1,2331,2,2,2,75,3.050345563,5.6671639,2.930285633,2.361684267,15.2,7.7,179,15.1,7.5,279,153,74,338,154,81,246,0.00467,0.665816891957884,"Caldas"
38,0,1,0,0,0,0,1,2331,2,2,2,75,3.352851,1.760601497,4.2564051,5.2685029,15.4,8.1,129,15.2,7.7,179,151,75,279,153,74,338,0.00467,1.78239780725973,"Caldas"
39,1,1,0,0,0,0,1,2349,32,2,3,70,5.257953733,3.3270369,2.575953667,1.490694767,15,7.4,283,15,7.4,342,152,81,245,153,81,200,0.0047,0.499167203719848,"Caldas"
40,0,1,0,0,0,0,1,2331,2,2,2,75,3.400791433,1.587395297,5.578074733,3.818012967,15.4,8.1,129,15.2,7.7,179,151,75,279,153,74,338,0.00489,-0.264814143578104,"Caldas"
41,1,1,0,0,0,0,1,2349,32,2,3,70,5.534138133,3.317145467,1.5532944,1.529360067,15,7.4,283,15,7.4,342,152,81,245,153,81,200,0.005,-1.63000513400635,"Caldas"
42,0,1,0,0,0,0,1,2331,2,2,2,75,1.4504941,1.279280867,3.553902267,3.436973633,15.7,8.2,202,15.8,8.4,178,157,76,208,158,72,319,0.00511,0.565274169973419,"Caldas"
43,0,1,0,0,0,0,1,2331,2,2,2,75,5.257953733,3.3270369,2.575953667,1.490694767,15.1,7.5,279,15.3,7.4,338,154,81,246,157,82,202,0.00511,0.876408032340749,"Caldas"
44,0,1,0,0,0,0,1,2331,2,2,2,75,1.4239568,1.525121867,2.274113467,3.697183533,15.4,8.1,246,15.7,8.2,202,158,84,178,157,76,208,0.00511,1.67499235023347,"Caldas"
45,0,1,0,0,0,0,1,2044,12,2,2,72,4.457345197,1.402927133,1.4770781,2.8522697,16.8,7.7,240,17.4,8.2,185,171,85,120,169,84,117,0.00548,-0.958497827000138,"Caldas"
46,0,1,0,0,0,0,1,2331,2,2,2,75,1.153097667,3.406423733,1.835415797,5.083606533,15.8,8.2,151,15.4,8.1,129,152,77,179,151,75,279,0.00556,0.4492658653514,"Caldas"
47,1,1,0,0,0,0,1,2349,32,2,3,70,3.7957019,2.708897967,1.2617441,1.090431367,15,7.4,342,15.2,8.1,245,153,81,200,155,84,180,0.00558,0.222993901844279,"Caldas"
48,0,1,0,0,0,0,1,2331,2,2,2,75,1.4904492,1.006705167,3.559744267,4.7913762,15.7,8.2,202,15.8,8.4,178,157,76,208,158,72,319,0.00578,-0.17570764910585,"Caldas"
49,1,1,0,0,0,0,1,2349,32,2,3,70,3.903979867,2.917317467,1.2237038,1.247233167,15,7.4,342,15.2,8.1,245,153,81,200,155,84,180,0.00588,-1.67918631386204,"Caldas"
50,0,1,0,0,0,0,1,2331,2,2,2,75,2.684447167,2.14139663,2.974089567,5.802360733,15.8,8.2,151,15.4,8.1,129,152,77,179,151,75,279,0.00622,1.71189039213674,"Caldas"
51,0,1,0,0,0,0,1,2331,2,2,2,75,5.534138133,3.317145467,1.5532944,1.529360067,15.1,7.5,279,15.3,7.4,338,154,81,246,157,82,202,0.00622,-0.127677811762083,"Caldas"
52,0,1,0,0,0,0,1,2331,2,2,2,75,1.159302133,2.023279833,2.413778367,2.965743163,15.9,7.9,219,15.8,8.2,151,154,81,129,152,77,179,0.00644,-0.345700688898096,"Caldas"
53,1,1,0,0,0,0,1,2349,32,2,3,70,4.490317233,4.691298067,2.901512867,1.3218506,15,7.4,283,15,7.4,342,152,81,245,153,81,200,0.00647,0.438506951306407,"Caldas"
54,0,1,0,0,0,0,1,2331,2,2,2,75,2.8474857,2.230362067,1.522791967,1.438878,15.3,7.4,338,15.4,8.1,246,157,82,202,158,84,178,0.00667,0.146195144700513,"Caldas"
55,0,1,0,0,0,0,1,2331,2,2,2,75,1.490694767,1.018937,4.036146067,4.423865,15.7,8.2,202,15.8,8.4,178,157,76,208,158,72,319,0.00667,2.53851989054008,"Caldas"
56,0,1,0,0,0,0,1,2331,2,2,2,75,3.198423433,0.505885133,3.169303,1.818941397,15.9,7.9,219,15.8,8.2,151,154,81,129,152,77,179,0.00667,-0.882685073704974,"Caldas"
57,0,1,0,0,0,0,1,2331,2,2,2,75,3.7957019,2.708897967,1.2617441,1.090431367,15.3,7.4,338,15.4,8.1,246,157,82,202,158,84,178,0.00689,0.284696994539063,"Caldas"
58,0,1,0,0,0,0,1,2331,2,2,2,75,5.2650614,2.840483367,1.2854127,1.617256367,15.3,7.4,338,15.4,8.1,246,157,82,202,158,84,178,0.00711,-0.827665967756417,"Caldas"
59,0,1,0,0,0,0,1,2331,2,2,2,75,1.125383167,4.006805267,4.5879162,3.550940333,15.8,8.4,178,15.7,7.6,208,158,72,319,153,74,280,0.00711,0.36386854683435,"Caldas"
60,0,1,0,0,0,0,1,2331,2,2,2,75,1.292576267,3.525988867,4.457657933,3.145616267,15.8,8.4,178,15.7,7.6,208,158,72,319,153,74,280,0.00711,-0.643744149746151,"Caldas"
61,1,1,0,0,0,0,1,2399,50,2,2,75,1.0209854,2.4495012,0.933311,3.7724877,14.7,7.7,205,14.6,8,144,140,79,121,140,75,153,0.0075,-1.17480554154959,"Caldas"
62,0,1,0,0,0,0,1,2331,2,2,2,75,3.903979867,2.917317467,1.2237038,1.247233167,15.3,7.4,338,15.4,8.1,246,157,82,202,158,84,178,0.00756,0.0996413742391165,"Caldas"
63,0,1,0,0,0,0,1,2331,2,2,2,75,1.594145567,3.539792667,3.266171933,4.096487167,15.8,8.4,178,15.7,7.6,208,158,72,319,153,74,280,0.00756,-0.569138060342272,"Caldas"
64,0,1,0,0,0,0,1,2044,12,2,2,72,4.4940516,1.006065133,2.638219167,2.034713133,16.8,7.7,240,17.4,8.2,185,171,85,120,169,84,117,0.00762,-0.179314107463891,"Caldas"
65,1,1,0,0,0,0,1,2349,32,2,3,70,1.153097667,3.406423733,1.835415797,5.083606533,15.5,8.1,155,15.1,8.1,130,151,76,181,150,74,283,0.00764,-0.352735809363814,"Caldas"
66,1,1,0,0,0,0,1,2349,32,2,3,70,0.534587333,3.4449317,1.725711397,4.740146933,15.5,8.1,155,15.1,8.1,130,151,76,181,150,74,283,0.00781,-0.164524507028191,"Caldas"
67,0,1,0,0,0,0,1,2044,12,2,2,72,3.198423433,0.505885133,3.169303,1.818941397,17.4,8.2,185,17.1,8.5,120,169,84,117,166,79,148,0.00786,-0.921303411146502,"Caldas"
68,1,1,0,0,0,0,1,2349,32,2,3,70,2.813581467,1.3125403,1.636085967,2.9168064,15.2,8.1,245,15.3,8.1,200,155,84,180,155,76,210,0.00794,-1.22673668689841,"Caldas"
69,1,1,0,0,0,0,1,2349,32,2,3,70,2.473164767,1.554052767,1.1462866,3.789316867,15.2,8.1,245,15.3,8.1,200,155,84,180,155,76,210,0.00794,1.21554892451932,"Caldas"
70,1,1,0,0,0,0,1,2267,7,2,3,70,4.301429837,0.8322731,2.797930767,1.318521933,14.5,7.4,285,15.2,7.9,222,151,82,159,147,81,129,0.00806,0.665982174963042,"Caldas"
71,1,1,0,0,0,0,1,2399,50,2,2,75,2.76698307,0.6068297,2.6792023,1.2929211,14.7,7.7,205,14.6,8,144,140,79,121,140,75,153,0.00833,-0.498337713996062,"Caldas"
72,1,1,0,0,0,0,1,2349,32,2,3,70,5.2310603,4.181314163,4.055107833,0.543171333,15.5,7.6,210,15.5,7.2,321,151,74,286,157,79,222,0.00882,0.512114513326866,"Caldas"
73,1,1,0,0,0,0,1,2349,32,2,3,70,2.646952867,1.3789345,1.023490667,3.530178667,15.2,8.1,245,15.3,8.1,200,155,84,180,155,76,210,0.00882,0.840886183773535,"Caldas"
74,1,1,0,0,0,0,1,2349,32,2,3,70,2.915040567,1.2986223,1.268334367,3.456328267,15.2,8.1,245,15.3,8.1,200,155,84,180,155,76,210,0.00911,0.0967968269060185,"Caldas"
75,0,1,0,0,0,0,1,2331,2,2,2,75,1.529360067,1.6490497,4.1522457,4.678530467,15.7,8.2,202,15.8,8.4,178,157,76,208,158,72,319,0.00956,1.6037596122368,"Caldas"
76,0,1,0,0,0,0,1,2331,2,2,2,75,1.4509891,4.008026667,4.7970986,2.961126137,15.8,8.4,178,15.7,7.6,208,158,72,319,153,74,280,0.00956,-0.0954229811622318,"Caldas"
77,1,1,0,0,0,0,1,2349,32,2,3,70,1.159302133,2.023279833,2.413778367,2.965743163,15.7,7.9,222,15.5,8.1,155,151,81,130,151,76,181,0.0097,0.376704818113672,"Caldas"
78,1,1,0,0,0,0,1,2267,7,2,3,70,4.348167637,1.0769726,2.238519067,1.506844533,14.5,7.4,285,15.2,7.9,222,151,82,159,147,81,129,0.00972,0.512464221428415,"Caldas"
79,0,1,0,0,0,0,1,2331,2,2,2,75,2.023279833,2.313193067,2.344093397,5.4789364,15.8,8.2,151,15.4,8.1,129,152,77,179,151,75,279,0.00978,-0.196923197045557,"Caldas"
80,1,1,0,0,0,0,1,2399,50,2,2,75,5.0158663,2.190063803,0.6068297,2.7578684,13.6,7.1,262,14.7,7.7,205,146,80,144,140,79,121,0.01,2.19314237436487,"Caldas"
81,1,1,0,0,0,0,1,2399,50,2,2,75,3.968995167,4.292757037,0.9716618,2.6448663,14.6,6.8,267,13.6,7.1,262,147,77,205,146,80,144,0.01,0.891985387746444,"Caldas"
82,1,1,0,0,0,0,1,2399,50,2,2,75,4.533158503,1.3210617,2.6905464,0.7731012,13.6,7.1,262,14.7,7.7,205,146,80,144,140,79,121,0.01,0.293067907351236,"Caldas"
83,1,1,0,0,0,0,1,2399,50,2,2,75,1.443691903,2.3672277,1.0413261,1.8893692,14.7,7.7,205,14.6,8,144,140,79,121,140,75,153,0.01,1.64136275358962,"Caldas"
84,0,1,0,0,0,0,1,2044,12,2,2,72,5.443573763,2.167143333,0.484059133,3.352851,16.8,7.7,240,17.4,8.2,185,171,85,120,169,84,117,0.01,0.996272276245552,"Caldas"
85,0,1,0,0,0,0,1,2044,12,2,2,72,5.12286273,1.376048667,0.8431986,3.685684733,16.8,7.7,240,17.4,8.2,185,171,85,120,169,84,117,0.01024,0.884725878917964,"Caldas"
86,1,1,0,0,0,0,1,2349,32,2,3,70,2.023279833,2.313193067,2.344093397,5.4789364,15.5,8.1,155,15.1,8.1,130,151,76,181,150,74,283,0.01058,2.98530248266024,"Caldas"
87,1,1,0,0,0,0,1,2349,32,2,3,70,4.265030633,5.584259563,1.937060533,0.487284333,15.5,7.2,321,15.1,7.4,286,157,79,222,155,81,155,0.01058,-2.06932327988953,"Caldas"
88,1,1,0,0,0,0,1,2399,50,2,2,75,3.5194093,4.842832003,0.7978989,2.8398553,14.6,6.8,267,13.6,7.1,262,147,77,205,146,80,144,0.01083,-1.48886197252179,"Caldas"
89,1,1,0,0,0,0,1,2399,50,2,2,75,4.7471222,5.1943872,1.871782703,0.8510077,14.6,6.8,267,13.6,7.1,262,147,77,205,146,80,144,0.01083,-0.165398603169281,"Caldas"
90,0,1,0,0,0,0,1,2331,2,2,2,75,1.385043767,0.8442071,3.424325433,1.711834997,15.9,7.9,219,15.8,8.2,151,154,81,129,152,77,179,0.01111,-1.51976899862301,"Caldas"
91,1,1,0,0,0,0,1,2349,32,2,3,70,4.4940516,1.006065133,2.638219167,2.034713133,15.1,7.4,286,15.7,7.9,222,155,81,155,151,81,130,0.01117,-0.0648627434089645,"Caldas"
92,1,1,0,0,0,0,1,2349,32,2,3,70,2.684447167,2.14139663,2.974089567,5.802360733,15.5,8.1,155,15.1,8.1,130,151,76,181,150,74,283,0.01117,0.900257148141323,"Caldas"
93,1,1,0,0,0,0,1,2349,32,2,3,70,3.341887267,5.762997433,3.188047567,1.4425326,15.1,7.6,181,15,7.4,283,150,74,342,152,81,245,0.01146,0.96244741473925,"Caldas"
94,1,1,0,0,0,0,1,2267,7,2,3,70,1.889931767,2.040025533,2.221906233,6.182176,15.1,8.2,159,14.7,8.1,129,146,77,180,145,74,286,0.01167,0.163334012852056,"Caldas"
95,1,1,0,0,0,0,1,2349,32,2,3,70,2.8474857,2.230362067,1.522791967,1.438878,15,7.4,342,15.2,8.1,245,153,81,200,155,84,180,0.01176,0.211483035636372,"Caldas"
96,1,0,0,1,0,0,0,1960,14,3,2,64,1.6196872,1.858177233,3.979479267,0.7303236,17.3,9.7,54,17.4,9.3,162,176,92,202,174,93,161,0.0119,-1.11180707147845,"Caldas"
97,1,0,0,1,0,0,0,1960,14,3,2,64,1.4639445,2.991369667,2.985789233,0.4490539,17.3,9.7,54,17.4,9.3,162,176,92,202,174,93,161,0.0119,-1.22630680953953,"Caldas"
98,0,1,0,0,0,0,1,2044,12,2,2,72,4.117828233,5.01621643,1.275835533,0.978936467,17,7.5,278,16.8,7.7,240,174,82,185,171,85,120,0.0119,-0.420328602745218,"Caldas"
99,0,1,0,0,0,0,1,2044,12,2,2,72,1.385043767,0.8442071,3.424325433,1.711834997,17.4,8.2,185,17.1,8.5,120,169,84,117,166,79,148,0.01214,-0.294358832357453,"Caldas"
100,1,1,0,0,0,0,1,2349,32,2,3,70,5.443573763,2.167143333,0.484059133,3.352851,15.1,7.4,286,15.7,7.9,222,155,81,155,151,81,130,0.01235,1.4366431916925,"Caldas"
101,0,1,0,0,0,0,1,2331,2,2,2,75,4.4940516,1.006065133,2.638219167,2.034713133,15.3,7.4,280,15.9,7.9,219,158,82,151,154,81,129,0.01244,-0.680547375704172,"Caldas"
102,1,1,0,0,0,0,1,2399,50,2,2,75,5.905670167,4.392299733,3.25103167,0.6241094,14.5,7.3,175,14.6,6.8,267,136,71,262,147,77,205,0.0125,-1.48433602907706,"Caldas"
103,1,1,0,0,0,0,1,2399,50,2,2,75,3.337833667,4.235029537,0.7032616,2.6039221,14.6,6.8,267,13.6,7.1,262,147,77,205,146,80,144,0.0125,-0.299868674443173,"Caldas"
104,1,1,0,0,0,0,1,2399,50,2,2,75,4.552767603,1.0586177,2.6101216,0.672852,13.6,7.1,262,14.7,7.7,205,146,80,144,140,79,121,0.0125,-0.155554010790917,"Caldas"
105,1,1,0,0,0,0,1,2349,32,2,3,70,0.505885133,3.044595,1.852282097,3.383248567,15.7,7.9,222,15.5,8.1,155,151,81,130,151,76,181,0.01293,-0.847975471515696,"Caldas"
106,0,1,0,0,0,0,1,2331,2,2,2,75,4.457345197,1.402927133,1.4770781,2.8522697,15.3,7.4,280,15.9,7.9,219,158,82,151,154,81,129,0.01311,-0.343189421731571,"Caldas"
107,0,1,0,0,0,0,1,2331,2,2,2,75,3.822440167,4.8146157,3.426696733,3.656759637,15.7,7.6,208,15.8,7.2,319,153,74,280,159,79,219,0.01311,0.68548876550036,"Caldas"
108,0,1,0,0,0,0,1,2331,2,2,2,75,0.534587333,3.4449317,1.725711397,4.740146933,15.8,8.2,151,15.4,8.1,129,152,77,179,151,75,279,0.01314,1.03131660949921,"Caldas"
109,1,1,0,0,0,0,1,2349,32,2,3,70,3.050345563,5.6671639,2.930285633,2.361684267,15.1,7.6,181,15,7.4,283,150,74,342,152,81,245,0.01323,0.317825050123661,"Caldas"
110,1,1,0,0,0,0,1,2349,32,2,3,70,4.117828233,5.01621643,1.275835533,0.978936467,15.5,7.2,321,15.1,7.4,286,157,79,222,155,81,155,0.01352,-0.230171536432039,"Caldas"
111,0,1,0,0,0,0,1,2331,2,2,2,75,3.587651997,4.5636563,0.681857633,2.638219167,15.8,7.2,319,15.3,7.4,280,159,79,219,158,82,151,0.01356,-0.133467939364112,"Caldas"
112,0,1,0,0,0,0,1,2331,2,2,2,75,3.467805067,3.894923967,3.681143333,4.69856237,15.7,7.6,208,15.8,7.2,319,153,74,280,159,79,219,0.01356,0.86763053472242,"Caldas"
113,0,1,0,0,0,0,1,2331,2,2,2,75,3.766939667,5.1590607,3.039027833,3.319416237,15.7,7.6,208,15.8,7.2,319,153,74,280,159,79,219,0.01422,-1.88217845985909,"Caldas"
114,0,1,0,0,0,0,1,2331,2,2,2,75,3.401254767,2.907155333,4.404803667,3.214887937,15.8,8.4,178,15.7,7.6,208,158,72,319,153,74,280,0.01444,1.37953730799911,"Caldas"
115,0,1,0,0,0,0,1,2044,12,2,2,72,3.587651997,4.5636563,0.681857633,2.638219167,17,7.5,278,16.8,7.7,240,174,82,185,171,85,120,0.01452,-0.469038021223465,"Caldas"
116,0,1,0,0,0,0,1,2331,2,2,2,75,4.316876867,4.331336997,1.321534233,2.024288333,15.8,7.2,319,15.3,7.4,280,159,79,219,158,82,151,0.01467,0.0969302263140943,"Caldas"
117,1,1,0,0,0,0,1,2349,32,2,3,70,3.198423433,0.505885133,3.169303,1.818941397,15.7,7.9,222,15.5,8.1,155,151,81,130,151,76,181,0.01499,1.11649511127318,"Caldas"
118,1,1,0,0,0,0,1,2349,32,2,3,70,4.457345197,1.402927133,1.4770781,2.8522697,15.1,7.4,286,15.7,7.9,222,155,81,155,151,81,130,0.01499,-0.718961460421022,"Caldas"
119,1,1,0,0,0,0,1,2267,7,2,3,70,4.491263237,1.2143429,1.877478467,1.9971631,14.5,7.4,285,15.2,7.9,222,151,82,159,147,81,129,0.015,0.244960146667635,"Caldas"
120,0,1,0,0,0,0,1,2044,12,2,2,72,4.316876867,4.331336997,1.321534233,2.024288333,17,7.5,278,16.8,7.7,240,174,82,185,171,85,120,0.015,0.171073338873384,"Caldas"
121,1,1,0,0,0,0,1,2349,32,2,3,70,5.12286273,1.376048667,0.8431986,3.685684733,15.1,7.4,286,15.7,7.9,222,155,81,155,151,81,130,0.01529,0.607503433918755,"Caldas"
122,1,1,0,0,0,0,1,2349,32,2,3,70,4.316876867,4.331336997,1.321534233,2.024288333,15.5,7.2,321,15.1,7.4,286,157,79,222,155,81,155,0.01558,-1.40578093554966,"Caldas"
123,1,1,0,0,0,0,1,2349,32,2,3,70,3.587651997,4.5636563,0.681857633,2.638219167,15.5,7.2,321,15.1,7.4,286,157,79,222,155,81,155,0.01558,0.157787185879213,"Caldas"
124,1,1,0,0,0,0,1,2349,32,2,3,70,1.385043767,0.8442071,3.424325433,1.711834997,15.7,7.9,222,15.5,8.1,155,151,81,130,151,76,181,0.01558,1.67103369474459,"Caldas"
125,1,1,0,0,0,0,1,2267,7,2,3,70,4.108383367,4.079069437,1.0548264,2.443666767,15,7.1,306,14.5,7.4,285,152,79,222,151,82,159,0.01583,-0.214960560687852,"Caldas"
126,0,1,0,0,0,0,1,2331,2,2,2,75,5.12286273,1.376048667,0.8431986,3.685684733,15.3,7.4,280,15.9,7.9,219,158,82,151,154,81,129,0.016,0.410342183361901,"Caldas"
127,1,1,0,0,0,0,1,2326,16,2,3,80,1.4904492,1.006705167,3.559744267,4.7913762,15.7,8.2,202,15.8,8.4,178,157,76,208,158,72,319,0.01667,0.526037394974723,"Caldas"
128,1,1,0,0,0,0,1,2326,16,2,3,80,1.490694767,1.018937,4.036146067,4.423865,15.7,8.2,202,15.8,8.4,178,157,76,208,158,72,319,0.01667,0.752308027658347,"Caldas"
129,1,1,0,0,0,0,1,2378,37,2,3,70,3.761441533,4.484624367,3.403351537,3.3075418,14.8,7.6,224,14.9,7.2,333,142,75,314,150,79,233,0.01667,-0.230669386014054,"Caldas"
130,1,1,0,0,0,0,1,2326,16,2,3,80,4.265030633,5.584259563,1.937060533,0.487284333,15.8,7.2,319,15.3,7.4,280,159,79,219,158,82,151,0.01724,-0.208090962691521,"Caldas"
131,1,1,0,0,0,0,1,2326,16,2,3,80,1.594145567,3.539792667,3.266171933,4.096487167,15.8,8.4,178,15.7,7.6,208,158,72,319,153,74,280,0.01724,-1.52578384560469,"Caldas"
132,1,1,0,0,0,0,1,2399,50,2,2,75,4.353446537,0.8699273,2.6039221,1.0932807,13.6,7.1,262,14.7,7.7,205,146,80,144,140,79,121,0.0175,0.529373430767162,"Caldas"
133,1,1,0,0,0,0,1,2349,32,2,3,70,1.571172597,4.988865433,4.342229967,2.916058067,15.1,7.6,181,15,7.4,283,150,74,342,152,81,245,0.01822,0.854961096460003,"Caldas"
134,1,1,0,0,0,0,1,2267,7,2,3,70,4.001938967,4.627540737,0.9220555,1.953756367,15,7.1,306,14.5,7.4,285,152,79,222,151,82,159,0.01833,-0.203792066696848,"Caldas"
135,1,1,0,0,0,0,1,2326,16,2,3,80,5.2310603,4.181314163,4.055107833,0.543171333,15.7,7.6,208,15.8,7.2,319,153,74,280,159,79,219,0.01839,0.50083059928701,"Caldas"
136,1,1,0,0,0,0,1,2267,7,2,3,70,0.5340714,2.882224167,1.433572033,3.8627625,15.2,7.9,222,15.1,8.2,159,147,81,129,146,77,180,0.01889,0.878289115643278,"Caldas"
137,1,1,0,0,0,0,1,2326,16,2,3,80,4.117828233,5.01621643,1.275835533,0.978936467,15.8,7.2,319,15.3,7.4,280,159,79,219,158,82,151,0.01897,0.452662621503854,"Caldas"
138,0,1,0,0,0,0,1,2331,2,2,2,75,4.265030633,5.584259563,1.937060533,0.487284333,15.8,7.2,319,15.3,7.4,280,159,79,219,158,82,151,0.01911,0.55917567460895,"Caldas"
139,1,1,0,0,0,0,1,2267,7,2,3,70,3.182956767,4.219902837,0.670554,2.798946367,15,7.1,306,14.5,7.4,285,152,79,222,151,82,159,0.01917,0.714051121041997,"Caldas"
140,0,1,0,0,0,0,1,2044,12,2,2,72,4.265030633,5.584259563,1.937060533,0.487284333,17,7.5,278,16.8,7.7,240,174,82,185,171,85,120,0.01929,0.386157043112783,"Caldas"
141,0,1,0,0,0,0,1,2331,2,2,2,75,5.443573763,2.167143333,0.484059133,3.352851,15.3,7.4,280,15.9,7.9,219,158,82,151,154,81,129,0.01956,-0.38187905649864,"Caldas"
142,1,1,0,0,0,0,1,2349,32,2,3,70,1.678501397,3.527466167,5.837297633,2.903907367,15.1,7.6,181,15,7.4,283,150,74,342,152,81,245,0.01969,0.246160406992328,"Caldas"
143,1,0,0,1,0,0,0,1960,14,3,2,64,1.858177233,3.979479267,0.7303236,6.248,17.4,9.3,162,17.6,9.2,202,174,93,161,172,92,148,0.01984,0.107923819328996,"Caldas"
144,1,1,0,0,0,0,1,2267,7,2,3,70,1.0697013,2.318575767,1.513022633,3.6629523,15.2,7.9,222,15.1,8.2,159,147,81,129,146,77,180,0.02,-1.19510698884436,"Caldas"
145,1,1,0,0,0,0,1,2349,32,2,3,70,2.7909908,2.080983197,5.3748122,3.8231898,15.1,8.1,130,15.1,7.6,181,150,74,283,150,74,342,0.02087,0.499613201958569,"Caldas"
146,0,1,0,0,0,0,1,2331,2,2,2,75,4.117828233,5.01621643,1.275835533,0.978936467,15.8,7.2,319,15.3,7.4,280,159,79,219,158,82,151,0.02133,-1.56022770687394,"Caldas"
147,0,1,0,0,0,0,1,2331,2,2,2,75,5.2310603,4.181314163,4.055107833,0.543171333,15.7,7.6,208,15.8,7.2,319,153,74,280,159,79,219,0.02156,0.0325616542266874,"Caldas"
148,1,1,0,0,0,0,1,2349,32,2,3,70,1.973482197,4.968935433,4.172439767,2.637404067,15.1,7.6,181,15,7.4,283,150,74,342,152,81,245,0.02205,-0.309360028719353,"Caldas"
149,1,1,0,0,0,0,1,2349,32,2,3,70,3.352851,1.760601497,4.2564051,5.2685029,15.1,8.1,130,15.1,7.6,181,150,74,283,150,74,342,0.02234,-0.229387905958134,"Caldas"
150,1,1,0,0,0,0,1,2267,7,2,3,70,1.080245767,2.5443995,1.483826433,5.7874228,15.1,8.2,159,14.7,8.1,129,146,77,180,145,74,286,0.0231,2.73289405384501,"Caldas"
151,1,1,0,0,0,0,1,2349,32,2,3,70,3.400791433,1.587395297,5.578074733,3.818012967,15.1,8.1,130,15.1,7.6,181,150,74,283,150,74,342,0.0241,0.561039445790835,"Caldas"
152,1,1,0,0,0,0,1,2267,7,2,3,70,4.5365731,4.796934133,1.88491047,0.7095581,15,7.1,306,14.5,7.4,285,152,79,222,151,82,159,0.02417,-1.35087511188753,"Caldas"
153,1,1,0,0,0,0,1,2378,37,2,3,70,3.766939667,5.1590607,3.039027833,3.319416237,14.8,7.6,224,14.9,7.2,333,142,75,314,150,79,233,0.02444,-0.448924884796021,"Caldas"
154,1,1,0,0,0,0,1,2378,37,2,3,70,4.265030633,5.584259563,1.937060533,0.487284333,14.9,7.2,333,14.2,7.5,314,150,79,233,148,81,164,0.02444,1.66303313193537,"Caldas"
155,1,1,0,0,0,0,1,2349,32,2,3,70,2.05965613,3.012508667,5.817395433,2.8541115,15.1,8.1,130,15.1,7.6,181,150,74,283,150,74,342,0.02499,0.900749927352959,"Caldas"
156,1,1,0,0,0,0,1,2267,7,2,3,70,1.262755603,1.587021767,2.1367506,1.641850133,15.2,7.9,222,15.1,8.2,159,147,81,129,146,77,180,0.025,1.51347999009996,"Caldas"
157,1,1,0,0,0,0,1,2378,37,2,3,70,5.257953733,3.3270369,2.575953667,1.490694767,14.3,7.4,294,14.3,7.3,359,146,80,248,147,81,204,0.02667,-1.01836242979812,"Caldas"
158,1,1,0,0,0,0,1,2378,37,2,3,70,4.316876867,4.331336997,1.321534233,2.024288333,14.9,7.2,333,14.2,7.5,314,150,79,233,148,81,164,0.02667,0.55267556181418,"Caldas"
159,1,0,0,1,0,0,0,1960,14,3,2,64,1.4694094,2.858602567,2.564875533,4.8050539,17.4,9.3,162,17.6,9.2,202,174,93,161,172,92,148,0.02778,2.63801162532269,"Caldas"
160,1,1,0,0,0,0,1,2378,37,2,3,70,3.822440167,4.8146157,3.426696733,3.656759637,14.8,7.6,224,14.9,7.2,333,142,75,314,150,79,233,0.02778,0.495402008432398,"Caldas"
161,1,1,0,0,0,0,1,2378,37,2,3,70,5.2310603,4.181314163,4.055107833,0.543171333,14.8,7.6,224,14.9,7.2,333,142,75,314,150,79,233,0.02778,-0.0306161228333956,"Caldas"
162,1,1,0,0,0,0,1,2378,37,2,3,70,2.023279833,2.313193067,2.344093397,5.4789364,14.8,8.1,164,14.5,8,131,144,76,187,143,74,294,0.02778,0.237746576435535,"Caldas"
163,1,1,0,0,0,0,1,2378,37,2,3,70,2.684447167,2.14139663,2.974089567,5.802360733,14.8,8.1,164,14.5,8,131,144,76,187,143,74,294,0.02778,-0.00792460350174925,"Caldas"
164,1,1,0,0,0,0,1,2326,16,2,3,80,1.529360067,1.6490497,4.1522457,4.678530467,15.7,8.2,202,15.8,8.4,178,157,76,208,158,72,319,0.02816,-1.48067415045398,"Caldas"
165,0,1,0,0,0,0,1,2044,12,2,2,72,5.2310603,4.181314163,4.055107833,0.543171333,16.9,7.9,188,17,7.5,278,168,77,240,174,82,185,0.02857,1.48014020036547,"Caldas"
166,1,1,0,0,0,0,1,2378,37,2,3,70,2.473164767,1.554052767,1.1462866,3.789316867,14.6,8,248,14.7,8.1,204,149,84,197,148,76,224,0.02889,1.08636259377227,"Caldas"
167,1,1,0,0,0,0,1,2378,37,2,3,70,1.153097667,3.406423733,1.835415797,5.083606533,14.8,8.1,164,14.5,8,131,144,76,187,143,74,294,0.02889,2.56330762602587,"Caldas"
168,1,1,0,0,0,0,1,2378,37,2,3,70,5.083606533,3.991674767,2.857289267,1.4100636,14.3,7.4,294,14.3,7.3,359,146,80,248,147,81,204,0.02889,0.191847313151872,"Caldas"
169,1,1,0,0,0,0,1,2326,16,2,3,80,3.341887267,5.762997433,3.188047567,1.4425326,15.2,7.7,179,15.1,7.5,279,153,74,338,154,81,246,0.02931,0.0709529923439524,"Caldas"
170,1,1,0,0,0,0,1,2326,16,2,3,80,4.490317233,4.691298067,2.901512867,1.3218506,15.1,7.5,279,15.3,7.4,338,154,81,246,157,82,202,0.02931,0.493174126399908,"Caldas"
171,1,1,0,0,0,0,1,2326,16,2,3,80,4.316876867,4.331336997,1.321534233,2.024288333,15.8,7.2,319,15.3,7.4,280,159,79,219,158,82,151,0.02931,0.931304866413021,"Caldas"
172,1,1,0,0,0,0,1,2267,7,2,3,70,5.319802933,4.161935667,3.310054837,0.5520974,15,7.6,200,15,7.1,306,145,74,285,152,79,222,0.02972,-0.639987477112669,"Caldas"
173,1,1,0,0,0,0,1,2326,16,2,3,80,1.4239568,1.525121867,2.274113467,3.697183533,15.4,8.1,246,15.7,8.2,202,158,84,178,157,76,208,0.02989,0.39746912911224,"Caldas"
174,1,1,0,0,0,0,1,2378,37,2,3,70,2.813581467,1.3125403,1.636085967,2.9168064,14.6,8,248,14.7,8.1,204,149,84,197,148,76,224,0.03,-0.873121345545139,"Caldas"
175,1,1,0,0,0,0,1,2378,37,2,3,70,4.117828233,5.01621643,1.275835533,0.978936467,14.9,7.2,333,14.2,7.5,314,150,79,233,148,81,164,0.03,0.895006732376126,"Caldas"
176,1,1,0,0,0,0,1,2378,37,2,3,70,3.352851,1.760601497,4.2564051,5.2685029,14.5,8,131,14.4,7.6,187,143,74,294,143,73,359,0.03111,-2.21377255888429,"Caldas"
177,1,1,0,0,0,0,1,2326,16,2,3,80,1.4504941,1.279280867,3.553902267,3.436973633,15.7,8.2,202,15.8,8.4,178,157,76,208,158,72,319,0.03161,1.00179654850116,"Caldas"
178,1,1,0,0,0,0,1,2326,16,2,3,80,1.292576267,3.525988867,4.457657933,3.145616267,15.8,8.4,178,15.7,7.6,208,158,72,319,153,74,280,0.03161,-0.871910478917231,"Caldas"
179,1,1,0,0,0,0,1,1297,12,1,2,75,3.907813333,3.784627033,2.896154867,2.284881733,22.7,10.3,176,23.1,9.6,263,230,103,247,234,113,182,0.03333,-0.619427022026629,"Caldas"
180,1,1,0,0,0,0,1,1297,12,1,2,75,3.306347867,3.305563967,2.668204,3.842388133,22.7,10.3,176,23.1,9.6,263,230,103,247,234,113,182,0.03333,0.447853952067564,"Caldas"
181,1,1,0,0,0,0,1,2326,16,2,3,80,2.023279833,2.313193067,2.344093397,5.4789364,15.8,8.2,151,15.4,8.1,129,152,77,179,151,75,279,0.03391,-1.19226378752545,"Caldas"
182,1,1,0,0,0,0,1,2378,37,2,3,70,3.400791433,1.587395297,5.578074733,3.818012967,14.5,8,131,14.4,7.6,187,143,74,294,143,73,359,0.03444,1.12665629567567,"Caldas"
183,1,1,0,0,0,0,1,2378,37,2,3,70,0.534587333,3.4449317,1.725711397,4.740146933,14.8,8.1,164,14.5,8,131,144,76,187,143,74,294,0.03524,0.82587580548876,"Caldas"
184,1,1,0,0,0,0,1,2326,16,2,3,80,3.050345563,5.6671639,2.930285633,2.361684267,15.2,7.7,179,15.1,7.5,279,153,74,338,154,81,246,0.03563,-0.0269488887378715,"Caldas"
185,1,1,0,0,0,0,1,2326,16,2,3,80,1.973482197,4.968935433,4.172439767,2.637404067,15.2,7.7,179,15.1,7.5,279,153,74,338,154,81,246,0.03563,-0.441360914095215,"Caldas"
186,1,1,0,0,0,0,1,2326,16,2,3,80,1.153097667,3.406423733,1.835415797,5.083606533,15.8,8.2,151,15.4,8.1,129,152,77,179,151,75,279,0.03621,-1.37435729557822,"Caldas"
187,1,1,0,0,0,0,1,2326,16,2,3,80,5.083606533,3.991674767,2.857289267,1.4100636,15.1,7.5,279,15.3,7.4,338,154,81,246,157,82,202,0.03793,-0.105141857697895,"Caldas"
188,1,1,0,0,0,0,1,2326,16,2,3,80,0.534587333,3.4449317,1.725711397,4.740146933,15.8,8.2,151,15.4,8.1,129,152,77,179,151,75,279,0.03793,0.0947855600251891,"Caldas"
189,1,1,0,0,0,0,1,2326,16,2,3,80,1.571172597,4.988865433,4.342229967,2.916058067,15.2,7.7,179,15.1,7.5,279,153,74,338,154,81,246,0.03793,0.74767872796719,"Caldas"
190,1,1,0,0,0,0,1,2378,37,2,3,70,5.2650614,2.840483367,1.2854127,1.617256367,14.3,7.3,359,14.6,8,248,147,81,204,149,84,197,0.03889,0.582985249022802,"Caldas"
191,1,1,0,0,0,0,1,2378,37,2,3,70,2.8474857,2.230362067,1.522791967,1.438878,14.3,7.3,359,14.6,8,248,147,81,204,149,84,197,0.03889,-1.05867804563057,"Caldas"
192,1,1,0,0,0,0,1,2326,16,2,3,80,1.4509891,4.008026667,4.7970986,2.961126137,15.8,8.4,178,15.7,7.6,208,158,72,319,153,74,280,0.03966,0.28872978942622,"Caldas"
193,1,1,0,0,0,0,1,2326,16,2,3,80,3.587651997,4.5636563,0.681857633,2.638219167,15.8,7.2,319,15.3,7.4,280,159,79,219,158,82,151,0.0408,-0.441258118538328,"Caldas"
194,1,1,0,0,0,0,1,2326,16,2,3,80,2.05965613,3.012508667,5.817395433,2.8541115,15.4,8.1,129,15.2,7.7,179,151,75,279,153,74,338,0.0408,-0.122036741009903,"Caldas"
195,1,1,0,0,0,0,1,2326,16,2,3,80,5.443573763,2.167143333,0.484059133,3.352851,15.3,7.4,280,15.9,7.9,219,158,82,151,154,81,129,0.04368,0.381178167926334,"Caldas"
196,1,1,0,0,0,0,1,2378,37,2,3,70,2.915040567,1.2986223,1.268334367,3.456328267,14.6,8,248,14.7,8.1,204,149,84,197,148,76,224,0.04444,-1.03679250719662,"Caldas"
197,1,1,0,0,0,0,1,2326,16,2,3,80,1.125383167,4.006805267,4.5879162,3.550940333,15.8,8.4,178,15.7,7.6,208,158,72,319,153,74,280,0.04483,0.520954273545417,"Caldas"
198,1,1,0,0,0,0,1,2307,36,2,3,70,4.265030633,5.584259563,1.937060533,0.487284333,14.9,7.2,333,14.2,7.5,314,150,79,233,148,81,164,0.04524,-0.855557096241736,"Caldas"
199,1,1,0,0,0,0,1,2378,37,2,3,70,5.443573763,2.167143333,0.484059133,3.352851,14.2,7.5,314,15,7.9,233,148,81,164,145,80,131,0.04556,-0.762172236231119,"Caldas"
200,1,1,0,0,0,0,1,2378,37,2,3,70,3.467805067,3.894923967,3.681143333,4.69856237,14.8,7.6,224,14.9,7.2,333,142,75,314,150,79,233,0.04556,2.2351889151816,"Caldas"
201,1,0,0,1,0,0,0,2040,8,3,2,63,1.4639445,2.991369667,2.985789233,0.4490539,17.3,9.7,54,17.4,9.3,162,176,92,202,174,93,161,0.04613,1.1195403779585,"Caldas"
202,1,1,0,0,0,0,1,2326,16,2,3,80,1.678501397,3.527466167,5.837297633,2.903907367,15.2,7.7,179,15.1,7.5,279,153,74,338,154,81,246,0.04655,-0.93643857915689,"Caldas"
203,1,1,0,0,0,0,1,2326,16,2,3,80,5.257953733,3.3270369,2.575953667,1.490694767,15.1,7.5,279,15.3,7.4,338,154,81,246,157,82,202,0.04655,-0.377488910997357,"Caldas"
204,1,1,0,0,0,0,1,2378,37,2,3,70,0.505885133,3.044595,1.852282097,3.383248567,15,7.9,233,14.8,8.1,164,145,80,131,144,76,187,0.04667,-0.681585856194875,"Caldas"
205,1,1,0,0,0,0,1,2326,16,2,3,80,5.12286273,1.376048667,0.8431986,3.685684733,15.3,7.4,280,15.9,7.9,219,158,82,151,154,81,129,0.04713,-0.415713365642807,"Caldas"
206,1,0,0,1,0,0,0,1960,14,3,2,64,2.991369667,2.985789233,0.4490539,6.348,17.4,9.3,162,17.6,9.2,202,174,93,161,172,92,148,0.04762,-0.33637780559343,"Caldas"
207,1,0,0,1,0,0,0,2040,8,3,2,63,1.4694094,2.858602567,2.564875533,4.8050539,17.4,9.3,162,17.6,9.2,202,174,93,161,172,92,148,0.04762,1.01711775969171,"Caldas"
208,1,0,0,1,0,0,0,2040,8,3,2,63,6.348,7.576,10.1728177,7.616607967,17.1,9.2,145,16.6,8.6,211,165,85,296,169,95,266,0.04762,-0.379858870678143,"Caldas"
209,1,1,0,0,0,0,1,2326,16,2,3,80,3.400791433,1.587395297,5.578074733,3.818012967,15.4,8.1,129,15.2,7.7,179,151,75,279,153,74,338,0.0477,0.870271429058618,"Caldas"
210,1,1,0,0,0,0,1,2378,37,2,3,70,2.646952867,1.3789345,1.023490667,3.530178667,14.6,8,248,14.7,8.1,204,149,84,197,148,76,224,0.04778,0.0648129262489696,"Caldas"
211,1,1,0,0,0,0,1,2326,16,2,3,80,4.4940516,1.006065133,2.638219167,2.034713133,15.3,7.4,280,15.9,7.9,219,158,82,151,154,81,129,0.04828,-0.45184171113201,"Caldas"
212,1,1,0,0,0,0,1,2378,37,2,3,70,4.490317233,4.691298067,2.901512867,1.3218506,14.3,7.4,294,14.3,7.3,359,146,80,248,147,81,204,0.04889,1.50255925076048,"Caldas"
213,1,0,0,1,0,0,0,2040,8,3,2,63,1.6196872,1.858177233,3.979479267,0.7303236,17.3,9.7,54,17.4,9.3,162,176,92,202,174,93,161,0.04911,2.34027269828068,"Caldas"
214,1,1,0,0,0,0,1,2326,16,2,3,80,2.7909908,2.080983197,5.3748122,3.8231898,15.4,8.1,129,15.2,7.7,179,151,75,279,153,74,338,0.04943,0.853876265646855,"Caldas"
215,1,1,0,0,0,0,1,2307,36,2,3,70,4.117828233,5.01621643,1.275835533,0.978936467,14.9,7.2,333,14.2,7.5,314,150,79,233,148,81,164,0.05,0.299063383584049,"Caldas"
216,1,1,0,0,0,0,1,2378,37,2,3,70,4.457345197,1.402927133,1.4770781,2.8522697,14.2,7.5,314,15,7.9,233,148,81,164,145,80,131,0.05,1.03135406021066,"Caldas"
217,1,0,0,1,0,0,0,2040,8,3,2,63,2.991369667,2.985789233,0.4490539,6.348,17.4,9.3,162,17.6,9.2,202,174,93,161,172,92,148,0.0506,-0.467985220890891,"Caldas"
218,1,1,0,0,0,0,1,2378,37,2,3,70,5.534138133,3.317145467,1.5532944,1.529360067,14.3,7.4,294,14.3,7.3,359,146,80,248,147,81,204,0.05111,-0.48596317434636,"Caldas"
219,1,1,0,0,0,0,1,2378,37,2,3,70,3.050345563,5.6671639,2.930285633,2.361684267,14.4,7.6,187,14.3,7.4,294,143,73,359,146,80,248,0.05111,0.0189660503939104,"Caldas"
220,1,0,0,1,0,0,0,1960,14,3,2,64,4.3910539,3.882,7.257728033,11.103663,17.2,9.2,148,17.1,9.2,145,166,86,211,165,85,296,0.05159,0.945121392621205,"Caldas"
221,1,1,0,0,0,0,1,2326,16,2,3,80,3.467805067,3.894923967,3.681143333,4.69856237,15.7,7.6,208,15.8,7.2,319,153,74,280,159,79,219,0.05172,0.550313202297417,"Caldas"
222,1,1,0,0,0,0,1,2326,16,2,3,80,2.473164767,1.554052767,1.1462866,3.789316867,15.4,8.1,246,15.7,8.2,202,158,84,178,157,76,208,0.05172,0.0399206039794166,"Caldas"
223,1,1,0,0,0,0,1,2378,37,2,3,70,5.12286273,1.376048667,0.8431986,3.685684733,14.2,7.5,314,15,7.9,233,148,81,164,145,80,131,0.05222,0.197741738687189,"Caldas"
224,1,1,0,0,0,0,1,2326,16,2,3,80,2.646952867,1.3789345,1.023490667,3.530178667,15.4,8.1,246,15.7,8.2,202,158,84,178,157,76,208,0.05345,-0.757660238407643,"Caldas"
225,1,1,0,0,0,0,1,2326,16,2,3,80,5.534138133,3.317145467,1.5532944,1.529360067,15.1,7.5,279,15.3,7.4,338,154,81,246,157,82,202,0.05345,-1.01779773802261,"Caldas"
226,1,0,0,1,0,0,0,2040,8,3,2,63,6.348,4.744,10.76607887,9.8553468,17.2,9.2,148,17.1,9.2,145,166,86,211,165,85,296,0.05506,0.358347106657738,"Caldas"
227,1,0,0,1,0,0,0,2040,8,3,2,63,1.858177233,3.979479267,0.7303236,6.248,17.4,9.3,162,17.6,9.2,202,174,93,161,172,92,148,0.05655,2.17426629633161,"Caldas"
228,1,1,0,0,0,0,1,2378,37,2,3,70,1.385043767,0.8442071,3.424325433,1.711834997,15,7.9,233,14.8,8.1,164,145,80,131,144,76,187,0.05667,1.71441939523305,"Caldas"
229,1,1,0,0,0,0,1,1297,12,1,2,75,3.809017033,4.008915333,2.809415733,2.547786267,22.7,10.3,176,23.1,9.6,263,230,103,247,234,113,182,0.05667,-3.06366009893003,"Caldas"
230,1,1,0,0,0,0,1,2378,37,2,3,70,1.4509891,4.008026667,4.7970986,2.961126137,14.9,8.4,197,14.8,7.6,224,149,72,333,142,75,314,0.05778,1.02142246371375,"Caldas"
231,1,1,0,0,0,0,1,2378,37,2,3,70,3.7957019,2.708897967,1.2617441,1.090431367,14.3,7.3,359,14.6,8,248,147,81,204,149,84,197,0.05778,-0.540809140417847,"Caldas"
232,1,1,0,0,0,0,1,2378,37,2,3,70,3.341887267,5.762997433,3.188047567,1.4425326,14.4,7.6,187,14.3,7.4,294,143,73,359,146,80,248,0.05778,-1.0676251922212,"Caldas"
233,1,1,0,0,0,0,1,2326,16,2,3,80,2.813581467,1.3125403,1.636085967,2.9168064,15.4,8.1,246,15.7,8.2,202,158,84,178,157,76,208,0.05862,0.551740835759524,"Caldas"
234,1,1,0,0,0,0,1,2378,37,2,3,70,3.903979867,2.917317467,1.2237038,1.247233167,14.3,7.3,359,14.6,8,248,147,81,204,149,84,197,0.05889,0.474566345760233,"Caldas"
235,1,1,0,0,0,0,1,2378,37,2,3,70,4.4940516,1.006065133,2.638219167,2.034713133,14.2,7.5,314,15,7.9,233,148,81,164,145,80,131,0.05889,-0.782110592007717,"Caldas"
236,1,1,0,0,0,0,1,2326,16,2,3,80,4.457345197,1.402927133,1.4770781,2.8522697,15.3,7.4,280,15.9,7.9,219,158,82,151,154,81,129,0.0592,0.404999520631766,"Caldas"
237,1,0,0,1,0,0,0,1960,14,3,2,64,6.248,4.596,10.51672053,9.1327058,17.2,9.2,148,17.1,9.2,145,166,86,211,165,85,296,0.05952,-0.551731859377709,"Caldas"
238,1,1,0,0,0,0,1,2378,37,2,3,70,1.4239568,1.525121867,2.274113467,3.697183533,14.6,8,248,14.7,8.1,204,149,84,197,148,76,224,0.06,0.010640543057169,"Caldas"
239,1,1,0,0,0,0,1,2378,37,2,3,70,3.587651997,4.5636563,0.681857633,2.638219167,14.9,7.2,333,14.2,7.5,314,150,79,233,148,81,164,0.06,-2.88600117241993,"Caldas"
240,1,1,0,0,0,0,1,2326,16,2,3,80,3.822440167,4.8146157,3.426696733,3.656759637,15.7,7.6,208,15.8,7.2,319,153,74,280,159,79,219,0.06034,-1.77241314989312,"Caldas"
241,1,1,0,0,0,0,1,2326,16,2,3,80,3.766939667,5.1590607,3.039027833,3.319416237,15.7,7.6,208,15.8,7.2,319,153,74,280,159,79,219,0.06034,-0.218567648758292,"Caldas"
242,1,1,0,0,0,0,1,2326,16,2,3,80,5.2650614,2.840483367,1.2854127,1.617256367,15.3,7.4,338,15.4,8.1,246,157,82,202,158,84,178,0.06322,0.810259075357914,"Caldas"
243,1,1,0,0,0,0,1,2326,16,2,3,80,2.684447167,2.14139663,2.974089567,5.802360733,15.8,8.2,151,15.4,8.1,129,152,77,179,151,75,279,0.06322,-1.02414713216037,"Caldas"
244,1,0,0,1,0,0,0,1960,14,3,2,64,2.935277567,2.609473233,3.4390539,4.406,17.6,9.2,202,17.4,9.3,161,172,92,148,171,92,145,0.06349,-0.13885310312295,"Caldas"
245,1,1,0,0,0,0,1,2326,16,2,3,80,3.352851,1.760601497,4.2564051,5.2685029,15.4,8.1,129,15.2,7.7,179,151,75,279,153,74,338,0.06379,0.15808735601604,"Narinho"
246,1,1,0,0,0,0,1,2307,36,2,3,70,4.316876867,4.331336997,1.321534233,2.024288333,14.9,7.2,333,14.2,7.5,314,150,79,233,148,81,164,0.06429,0.481304435059428,"Narinho"
247,1,1,0,0,0,0,1,2378,37,2,3,70,1.4504941,1.279280867,3.553902267,3.436973633,14.7,8.1,204,14.9,8.4,197,148,76,224,149,72,333,0.06444,0.0359787615016103,"Narinho"
248,1,1,0,0,0,0,1,2326,16,2,3,80,0.505885133,3.044595,1.852282097,3.383248567,15.9,7.9,219,15.8,8.2,151,154,81,129,152,77,179,0.06552,0.13488143356517,"Narinho"
249,1,1,0,0,0,0,1,2378,37,2,3,70,2.7909908,2.080983197,5.3748122,3.8231898,14.5,8,131,14.4,7.6,187,143,74,294,143,73,359,0.06556,0.724266375880688,"Narinho"
250,1,1,0,0,0,0,1,2378,37,2,3,70,1.159302133,2.023279833,2.413778367,2.965743163,15,7.9,233,14.8,8.1,164,145,80,131,144,76,187,0.06667,0.773889753036201,"Narinho"
251,1,0,0,1,0,0,0,2040,8,3,2,63,6.3102833,3.37,10.0386372,7.588656533,17.2,9.2,148,17.1,9.2,145,166,86,211,165,85,296,0.06696,0.946997094899416,"Narinho"
252,1,1,0,0,0,0,1,2326,16,2,3,80,2.915040567,1.2986223,1.268334367,3.456328267,15.4,8.1,246,15.7,8.2,202,158,84,178,157,76,208,0.06782,0.43126833694987,"Narinho"
253,1,1,0,0,0,0,1,2326,16,2,3,80,2.8474857,2.230362067,1.522791967,1.438878,15.3,7.4,338,15.4,8.1,246,157,82,202,158,84,178,0.06954,0.396849799202755,"Narinho"
254,1,1,0,0,0,0,1,2378,37,2,3,70,3.198423433,0.505885133,3.169303,1.818941397,15,7.9,233,14.8,8.1,164,145,80,131,144,76,187,0.07,0.696578945731744,"Narinho"
255,1,1,0,0,0,0,1,2378,37,2,3,70,3.401254767,2.907155333,4.404803667,3.214887937,14.9,8.4,197,14.8,7.6,224,149,72,333,142,75,314,0.07,0.803048085654154,"Narinho"
256,1,1,0,0,0,0,1,1297,12,1,2,75,3.180076967,2.581937767,3.347164,3.124773533,23,11.4,130,22.7,10.3,176,231,96,263,230,103,247,0.07,0.779542229371145,"Narinho"
257,1,1,0,0,0,0,1,2307,36,2,3,70,3.341887267,5.762997433,3.188047567,1.4425326,14.4,7.6,187,14.3,7.4,294,143,73,359,146,80,248,0.07143,0.976636494509876,"Narinho"
258,1,1,0,0,0,0,1,2307,36,2,3,70,3.587651997,4.5636563,0.681857633,2.638219167,14.9,7.2,333,14.2,7.5,314,150,79,233,148,81,164,0.07381,0.979014779208228,"Narinho"
259,1,1,0,0,0,0,1,2326,16,2,3,80,1.159302133,2.023279833,2.413778367,2.965743163,15.9,7.9,219,15.8,8.2,151,154,81,129,152,77,179,0.07586,0.419872022466734,"Narinho"
260,1,0,0,1,0,0,0,2040,8,3,2,63,2.935277567,2.609473233,3.4390539,4.406,17.6,9.2,202,17.4,9.3,161,172,92,148,171,92,145,0.07589,0.745990399736911,"Narinho"
261,1,0,0,1,0,0,0,2051,11,3,2,67,1.4694094,2.858602567,2.564875533,4.8050539,17.2,9.2,159,17.1,9.1,201,170,93,163,167,91,149,0.07738,0.756539654219523,"Narinho"
262,1,1,0,0,0,0,1,2378,37,2,3,70,1.678501397,3.527466167,5.837297633,2.903907367,14.4,7.6,187,14.3,7.4,294,143,73,359,146,80,248,0.07778,0.180782780051231,"Narinho"
263,1,1,0,0,0,0,1,2326,16,2,3,80,1.385043767,0.8442071,3.424325433,1.711834997,15.9,7.9,219,15.8,8.2,151,154,81,129,152,77,179,0.07816,0.756606481270865,"Narinho"
264,1,1,0,0,0,0,1,2307,36,2,3,70,3.050345563,5.6671639,2.930285633,2.361684267,14.4,7.6,187,14.3,7.4,294,143,73,359,146,80,248,0.07857,0.765830626012757,"Narinho"
265,1,0,0,1,0,0,0,1960,14,3,2,64,3.466876267,1.3041268,6.0431731,3.364,17.6,9.2,202,17.4,9.3,161,172,92,148,171,92,145,0.07937,0.161088901339099,"Narinho"
266,1,1,0,0,0,0,1,2326,16,2,3,80,3.198423433,0.505885133,3.169303,1.818941397,15.9,7.9,219,15.8,8.2,151,154,81,129,152,77,179,0.08161,0.711215053685009,"Narinho"
267,1,1,0,0,0,0,1,2378,37,2,3,70,1.125383167,4.006805267,4.5879162,3.550940333,14.9,8.4,197,14.8,7.6,224,149,72,333,142,75,314,0.08556,0.407402528915554,"Narinho"
268,1,1,0,0,0,0,1,1297,12,1,2,75,0.417022,3.323055067,3.771360667,2.2848943,23,11.4,130,22.7,10.3,176,231,96,263,230,103,247,0.08667,0.369937821291387,"Narinho"
269,1,0,0,1,0,0,0,1960,14,3,2,64,6.4232637,3.22,7.1268142,10.59835483,17.2,9.2,148,17.1,9.2,145,166,86,211,165,85,296,0.0873,0.671298420522362,"Narinho"
270,1,1,0,0,0,0,1,2326,16,2,3,80,3.7957019,2.708897967,1.2617441,1.090431367,15.3,7.4,338,15.4,8.1,246,157,82,202,158,84,178,0.08966,0.511955130612478,"Narinho"
271,1,1,0,0,0,0,1,2326,16,2,3,80,3.903979867,2.917317467,1.2237038,1.247233167,15.3,7.4,338,15.4,8.1,246,157,82,202,158,84,178,0.09253,0.580238895956427,"Narinho"
272,1,1,0,0,0,0,1,1297,12,1,2,75,0.3276777,4.088584333,3.712706733,2.875015833,23,11.4,130,22.7,10.3,176,231,96,263,230,103,247,0.09667,0.851261829957366,"Narinho"
273,1,0,0,1,0,0,0,2040,8,3,2,63,4.7677761,3.468,7.483230533,10.8781605,17.2,9.2,148,17.1,9.2,145,166,86,211,165,85,296,0.09821,0.613434593658894,"Narinho"
274,1,1,0,0,0,0,1,2378,37,2,3,70,1.973482197,4.968935433,4.172439767,2.637404067,14.4,7.6,187,14.3,7.4,294,143,73,359,146,80,248,0.09889,0.15092424931936,"Narinho"
275,1,0,0,1,0,0,0,2040,8,3,2,63,0.4490539,6.584,7.498,10.69884203,17.2,9.2,148,17.1,9.2,145,166,86,211,165,85,296,0.10119,0.247484291903675,"Narinho"
276,1,1,0,0,0,0,1,2378,37,2,3,70,2.05965613,3.012508667,5.817395433,2.8541115,14.5,8,131,14.4,7.6,187,143,74,294,143,73,359,0.10222,0.802434599027038,"Narinho"
277,1,1,0,0,0,0,1,2378,37,2,3,70,1.4904492,1.006705167,3.559744267,4.7913762,14.7,8.1,204,14.9,8.4,197,148,76,224,149,72,333,0.10333,0.913850327720866,"Narinho"
278,1,1,0,0,0,0,1,2326,16,2,3,80,3.401254767,2.907155333,4.404803667,3.214887937,15.8,8.4,178,15.7,7.6,208,158,72,319,153,74,280,0.10402,0.322625432163477,"Narinho"
279,1,1,0,0,0,0,1,2378,37,2,3,70,1.292576267,3.525988867,4.457657933,3.145616267,14.9,8.4,197,14.8,7.6,224,149,72,333,142,75,314,0.10556,0.643616812303662,"Narinho"
280,1,1,0,0,0,0,1,2378,37,2,3,70,1.490694767,1.018937,4.036146067,4.423865,14.7,8.1,204,14.9,8.4,197,148,76,224,149,72,333,0.10667,0.470972635084763,"Narinho"
281,1,0,0,1,0,0,0,1960,14,3,2,64,3.546941767,0.4490539,6.348,6.654,17.6,9.2,202,17.4,9.3,161,172,92,148,171,92,145,0.10714,0.396320263156667,"Narinho"
282,1,1,0,0,0,0,1,2307,36,2,3,70,3.401254767,2.907155333,4.404803667,3.214887937,14.9,8.4,197,14.8,7.6,224,149,72,333,142,75,314,0.10952,0.739841694710776,"Narinho"
283,1,1,0,0,0,0,1,2307,36,2,3,70,5.257953733,3.3270369,2.575953667,1.490694767,14.3,7.4,294,14.3,7.3,359,146,80,248,147,81,204,0.1119,0.0903560002334416,"Narinho"
284,1,1,0,0,0,0,1,2378,37,2,3,70,1.571172597,4.988865433,4.342229967,2.916058067,14.4,7.6,187,14.3,7.4,294,143,73,359,146,80,248,0.11222,0.42323071998544,"Narinho"
285,1,0,0,1,0,0,0,2040,8,3,2,63,0.5387561,6.348,4.962,10.89134387,17.4,9.3,161,17.2,9.2,148,171,92,145,166,86,211,0.1131,0.325862962752581,"Narinho"
286,1,1,0,0,0,0,1,1297,12,1,2,75,0.73933,4.038297533,3.570043233,2.859755767,23,11.4,130,22.7,10.3,176,231,96,263,230,103,247,0.11333,0.527852354338393,"Narinho"
287,1,0,0,1,0,0,0,1960,14,3,2,64,4.064582967,0.7303236,6.248,3.836,17.6,9.2,202,17.4,9.3,161,172,92,148,171,92,145,0.11508,0.347573527134955,"Narinho"
288,1,0,0,1,0,0,0,1960,14,3,2,64,0.4490539,6.348,7.576,10.1728177,17.4,9.3,161,17.2,9.2,148,171,92,145,166,86,211,0.11905,0.714792204322293,"Narinho"
289,1,1,0,0,0,0,1,2307,36,2,3,70,4.490317233,4.691298067,2.901512867,1.3218506,14.3,7.4,294,14.3,7.3,359,146,80,248,147,81,204,0.11905,0.208826832706109,"Narinho"
290,1,1,0,0,0,0,1,2307,36,2,3,70,5.083606533,3.991674767,2.857289267,1.4100636,14.3,7.4,294,14.3,7.3,359,146,80,248,147,81,204,0.11905,0.612925269640982,"Narinho"
291,1,0,0,1,0,0,0,2040,8,3,2,63,3.466876267,1.3041268,6.0431731,3.364,17.6,9.2,202,17.4,9.3,161,172,92,148,171,92,145,0.12054,0.763791218632832,"Narinho"
292,1,1,0,0,0,0,1,2307,36,2,3,70,5.2310603,4.181314163,4.055107833,0.543171333,14.8,7.6,224,14.9,7.2,333,142,75,314,150,79,233,0.12143,0.0795757563319057,"Narinho"
293,1,0,0,1,0,0,0,1960,14,3,2,64,1.517618,4.7677761,3.468,7.483230533,17.4,9.3,161,17.2,9.2,148,171,92,145,166,86,211,0.12302,0.918405590811744,"Narinho"
294,1,1,0,0,0,0,1,2307,36,2,3,70,1.973482197,4.968935433,4.172439767,2.637404067,14.4,7.6,187,14.3,7.4,294,143,73,359,146,80,248,0.12381,0.0614571119658649,"Narinho"
295,1,0,0,1,0,0,0,1960,14,3,2,64,0.6325127,6.348,4.744,10.76607887,17.4,9.3,161,17.2,9.2,148,171,92,145,166,86,211,0.12698,0.550674156052992,"Narinho"
296,1,0,0,1,0,0,0,2051,11,3,2,67,2.991369667,2.985789233,0.4490539,6.348,17.2,9.2,159,17.1,9.1,201,170,93,163,167,91,149,0.13095,0.486165329115465,"Narinho"
297,1,0,0,1,0,0,0,2040,8,3,2,63,4.064582967,0.7303236,6.248,3.836,17.6,9.2,202,17.4,9.3,161,172,92,148,171,92,145,0.13244,0.229813779005781,"Narinho"
298,1,0,0,1,0,0,0,1960,14,3,2,64,1.3600291,6.3102833,3.37,10.0386372,17.4,9.3,161,17.2,9.2,148,171,92,145,166,86,211,0.13889,0.826316886814311,"Narinho"
299,1,1,0,0,0,0,1,2378,37,2,3,70,1.594145567,3.539792667,3.266171933,4.096487167,14.9,8.4,197,14.8,7.6,224,149,72,333,142,75,314,0.14222,0.194939006352797,"Narinho"
300,1,1,0,0,0,0,1,2307,36,2,3,70,5.534138133,3.317145467,1.5532944,1.529360067,14.3,7.4,294,14.3,7.3,359,146,80,248,147,81,204,0.14286,0.591299793915823,"Narinho"
301,1,1,0,0,0,0,1,2378,37,2,3,70,1.529360067,1.6490497,4.1522457,4.678530467,14.7,8.1,204,14.9,8.4,197,148,76,224,149,72,333,0.14778,0.0951964133419096,"Narinho"
302,1,0,0,1,0,0,0,2040,8,3,2,63,1.3808654,4.7960552,3.28,7.9242132,17.4,9.3,161,17.2,9.2,148,171,92,145,166,86,211,0.14881,0.62162203155458,"Narinho"
303,1,1,0,0,0,0,1,2307,36,2,3,70,2.915040567,1.2986223,1.268334367,3.456328267,14.6,8,248,14.7,8.1,204,149,84,197,148,76,224,0.15,0.228571873158216,"Narinho"
304,1,0,0,1,0,0,0,2040,8,3,2,63,3.546941767,0.4490539,6.348,6.654,17.6,9.2,202,17.4,9.3,161,172,92,148,171,92,145,0.15179,0.677132433513179,"Narinho"
305,1,0,0,1,0,0,0,2051,11,3,2,67,1.858177233,3.979479267,0.7303236,6.248,17.2,9.2,159,17.1,9.1,201,170,93,163,167,91,149,0.15476,0.371108041377738,"Narinho"
306,1,0,0,0,0,1,0,1892,12,3,2,29,3.546941767,0.4490539,6.348,6.654,17.7,9.1,204,17.6,9.3,161,172,91,146,171,91,143,0.15584,0.832755143288523,"Narinho"
307,1,0,0,1,0,0,0,2040,8,3,2,63,2.780262133,0.4490539,6.584,8.260950333,17.4,9.3,161,17.2,9.2,148,171,92,145,166,86,211,0.15774,0.687876118114218,"Narinho"
308,1,0,0,1,0,0,0,2051,11,3,2,67,2.935277567,2.609473233,3.4390539,4.406,17.1,9.1,201,17,9.3,163,167,91,149,167,92,149,0.16071,0.112107863184065,"Narinho"
309,1,0,0,1,0,0,0,2058,16,3,2,41,1.4694094,2.858602567,2.564875533,4.8050539,17.4,9.3,162,17.6,9.2,202,174,93,161,172,92,148,0.16071,0.0729732459876686,"Narinho"
310,1,1,0,0,0,0,1,2307,36,2,3,70,3.903979867,2.917317467,1.2237038,1.247233167,14.3,7.3,359,14.6,8,248,147,81,204,149,84,197,0.16429,0.849505672231317,"Narinho"
311,1,0,0,1,0,0,0,2051,11,3,2,67,3.466876267,1.3041268,6.0431731,3.364,17.1,9.1,201,17,9.3,163,167,91,149,167,92,149,0.16667,0.508662610547617,"Narinho"
312,1,0,0,1,0,0,0,2040,8,3,2,63,0.8295462,6.2721453,3.698,10.16289523,17.4,9.3,161,17.2,9.2,148,171,92,145,166,86,211,0.16667,0.403158897999674,"Narinho"
313,1,0,0,0,0,1,0,2146,15,3,2,70,6.146,7.802775733,10.7557842,6.078865733,15.5,9.2,165,15.2,8.6,227,153,86,315,155,95,274,0.16964,0.110654199495912,"Narinho"
314,1,0,0,1,0,0,0,2058,16,3,2,41,1.4639445,2.991369667,2.985789233,0.4490539,17.3,9.7,54,17.4,9.3,162,176,92,202,174,93,161,0.17262,0.159162586787716,"Narinho"
315,1,1,0,0,0,0,1,2307,36,2,3,70,3.467805067,3.894923967,3.681143333,4.69856237,14.8,7.6,224,14.9,7.2,333,142,75,314,150,79,233,0.18095,0.666368989972398,"Narinho"
316,1,1,0,0,0,0,1,2307,36,2,3,70,5.443573763,2.167143333,0.484059133,3.352851,14.2,7.5,314,15,7.9,233,148,81,164,145,80,131,0.18095,0.947144559817389,"Narinho"
317,1,1,0,0,0,0,1,2307,36,2,3,70,2.813581467,1.3125403,1.636085967,2.9168064,14.6,8,248,14.7,8.1,204,149,84,197,148,76,224,0.1881,0.447606238070875,"Narinho"
318,1,1,0,0,0,0,1,2307,36,2,3,70,0.534587333,3.4449317,1.725711397,4.740146933,14.8,8.1,164,14.5,8,131,144,76,187,143,74,294,0.19388,0.483640615129843,"Narinho"
319,1,0,0,1,0,0,0,2051,11,3,2,67,1.517618,4.7677761,3.468,7.483230533,17,9.3,163,16.7,9.1,149,167,92,149,163,86,214,0.19643,0.615164825925604,"Narinho"
320,1,0,0,1,0,0,0,2051,11,3,2,67,3.546941767,0.4490539,6.348,6.654,17.1,9.1,201,17,9.3,163,167,91,149,167,92,149,0.20238,0.522484868066385,"Narinho"
321,1,0,0,1,0,0,0,2058,16,3,2,41,1.858177233,3.979479267,0.7303236,6.248,17.4,9.3,162,17.6,9.2,202,174,93,161,172,92,148,0.20238,0.781714994460344,"Narinho"
322,1,1,0,0,0,0,1,2307,36,2,3,70,1.4509891,4.008026667,4.7970986,2.961126137,14.9,8.4,197,14.8,7.6,224,149,72,333,142,75,314,0.20476,0.0105301379226148,"Narinho"
323,1,0,0,0,0,1,0,2146,15,3,2,70,6.348,7.05,10.1814147,8.134010967,15.5,8.9,161,15.5,9.2,165,152,86,227,153,86,315,0.20536,0.370749932015315,"Narinho"
324,1,0,0,0,0,1,0,1892,12,3,2,29,4.064582967,0.7303236,6.248,3.836,17.7,9.1,204,17.6,9.3,161,172,91,146,171,91,143,0.20779,0.0849009200464934,"Narinho"
325,1,1,0,0,0,0,1,2307,36,2,3,70,1.153097667,3.406423733,1.835415797,5.083606533,14.8,8.1,164,14.5,8,131,144,76,187,143,74,294,0.21429,0.875690996646881,"Narinho"
326,1,1,0,0,0,0,1,2307,36,2,3,70,1.571172597,4.988865433,4.342229967,2.916058067,14.4,7.6,187,14.3,7.4,294,143,73,359,146,80,248,0.21905,0.729960780125111,"Narinho"
327,1,1,0,0,0,0,1,2307,36,2,3,70,2.023279833,2.313193067,2.344093397,5.4789364,14.8,8.1,164,14.5,8,131,144,76,187,143,74,294,0.22381,0.713963473215699,"Narinho"
328,1,1,0,0,0,0,1,2307,36,2,3,70,2.473164767,1.554052767,1.1462866,3.789316867,14.6,8,248,14.7,8.1,204,149,84,197,148,76,224,0.22381,0.842102599330246,"Narinho"
329,1,1,0,0,0,0,1,2307,36,2,3,70,2.05965613,3.012508667,5.817395433,2.8541115,14.5,8,131,14.4,7.6,187,143,74,294,143,73,359,0.22619,0.00758367334492505,"Narinho"
330,1,1,0,0,0,0,1,2307,36,2,3,70,1.159302133,2.023279833,2.413778367,2.965743163,15,7.9,233,14.8,8.1,164,145,80,131,144,76,187,0.23095,0.834666813490912,"Narinho"
331,1,1,0,0,0,0,1,2307,36,2,3,70,1.678501397,3.527466167,5.837297633,2.903907367,14.4,7.6,187,14.3,7.4,294,143,73,359,146,80,248,0.23095,0.631897382671013,"Narinho"
332,1,0,0,1,0,0,0,2051,11,3,2,67,4.064582967,0.7303236,6.248,3.836,17.1,9.1,201,17,9.3,163,167,91,149,167,92,149,0.23214,0.600728601682931,"Narinho"
333,1,0,0,0,0,1,0,2146,15,3,2,70,6.248,4.596,10.51672053,9.1327058,15.5,8.9,161,15.5,9.2,165,152,86,227,153,86,315,0.23214,0.191095428541303,"Narinho"
334,1,0,0,1,0,0,0,2058,16,3,2,41,1.6196872,1.858177233,3.979479267,0.7303236,17.3,9.7,54,17.4,9.3,162,176,92,202,174,93,161,0.2381,0.761969465762377,"Narinho"
335,1,0,0,0,0,1,0,1892,12,3,2,29,1.858177233,3.979479267,0.7303236,6.248,17.6,9.2,171,17.7,9.1,204,176,93,161,172,91,146,0.24675,0.200633932836354,"Narinho"
336,1,1,0,0,0,0,1,2307,36,2,3,70,0.505885133,3.044595,1.852282097,3.383248567,15,7.9,233,14.8,8.1,164,145,80,131,144,76,187,0.25,0.556627207202837,"Narinho"
337,1,1,0,0,0,0,1,2307,36,2,3,70,2.646952867,1.3789345,1.023490667,3.530178667,14.6,8,248,14.7,8.1,204,149,84,197,148,76,224,0.25238,0.758859019260854,"Narinho"
338,1,1,0,0,0,0,1,2307,36,2,3,70,5.2650614,2.840483367,1.2854127,1.617256367,14.3,7.3,359,14.6,8,248,147,81,204,149,84,197,0.25952,0.956373049411923,"Narinho"
339,0,0,0,1,0,0,0,1958,13,3,2,66,1.4639445,2.991369667,2.985789233,0.4490539,17.3,9.7,54,17.4,9.3,162,176,92,202,174,93,161,0.2619,0.219488671747968,"Narinho"
340,1,1,0,0,0,0,1,2307,36,2,3,70,2.684447167,2.14139663,2.974089567,5.802360733,14.8,8.1,164,14.5,8,131,144,76,187,143,74,294,0.26667,0.620625943643972,"Narinho"
341,1,0,0,1,0,0,0,2051,11,3,2,67,3.786,10.66023523,7.0196771,5.874637333,16.7,9.2,149,16.3,8.6,214,162,85,302,167,96,269,0.26786,0.944757275050506,"Narinho"
342,1,1,0,0,0,0,1,2307,36,2,3,70,2.8474857,2.230362067,1.522791967,1.438878,14.3,7.3,359,14.6,8,248,147,81,204,149,84,197,0.26905,0.879541918169707,"Narinho"
343,0,0,0,1,0,0,0,2001,11,3,2,65,1.858177233,3.979479267,0.7303236,6.248,17.4,9.3,162,17.6,9.2,202,174,93,161,172,92,148,0.26984,0.413873014505953,"Narinho"
344,1,0,0,0,0,1,0,1892,12,3,2,29,1.4694094,2.858602567,2.564875533,4.8050539,17.6,9.2,171,17.7,9.1,204,176,93,161,172,91,146,0.27273,0.354242705041543,"Narinho"
345,1,1,0,0,0,0,1,2307,36,2,3,70,5.12286273,1.376048667,0.8431986,3.685684733,14.2,7.5,314,15,7.9,233,148,81,164,145,80,131,0.27381,0.841903623426333,"Narinho"
346,1,1,0,0,0,0,1,2307,36,2,3,70,1.4239568,1.525121867,2.274113467,3.697183533,14.6,8,248,14.7,8.1,204,149,84,197,148,76,224,0.27619,0.664331673644483,"Narinho"
347,1,1,0,0,0,0,1,2307,36,2,3,70,3.822440167,4.8146157,3.426696733,3.656759637,14.8,7.6,224,14.9,7.2,333,142,75,314,150,79,233,0.28333,0.0331369072664529,"Narinho"
348,1,0,0,1,0,0,0,2051,11,3,2,67,6.4232637,3.22,7.1268142,10.59835483,16.7,9.1,149,16.7,9.2,149,163,86,214,162,85,302,0.28571,0.877218356123194,"Narinho"
349,0,0,0,1,0,0,0,1958,13,3,2,66,1.4694094,2.858602567,2.564875533,4.8050539,17.4,9.3,162,17.6,9.2,202,174,93,161,172,92,148,0.28968,0.418373164953664,"Narinho"
350,1,0,0,1,0,0,0,2051,11,3,2,67,6.248,4.596,10.51672053,9.1327058,16.7,9.1,149,16.7,9.2,149,163,86,214,162,85,302,0.29167,0.817120094783604,"Narinho"
351,1,0,0,0,0,1,0,2146,15,3,2,70,6.4232637,3.22,7.1268142,10.59835483,15.5,8.9,161,15.5,9.2,165,152,86,227,153,86,315,0.29464,0.925873761065304,"Narinho"
352,1,0,0,1,0,0,0,2051,11,3,2,67,5.658,10.53485053,9.172575133,1.875124,16.7,9.2,149,16.3,8.6,214,162,85,302,167,96,269,0.29762,0.251995870610699,"Narinho"
353,1,0,0,0,0,1,0,2146,15,3,2,70,4.3910539,3.882,7.257728033,11.103663,15.5,8.9,161,15.5,9.2,165,152,86,227,153,86,315,0.29762,0.243441218277439,"Narinho"
354,1,0,0,0,0,1,0,1892,12,3,2,29,3.466876267,1.3041268,6.0431731,3.364,17.7,9.1,204,17.6,9.3,161,172,91,146,171,91,143,0.2987,0.251277644187212,"Narinho"
355,1,0,0,0,0,1,0,1892,12,3,2,29,2.991369667,2.985789233,0.4490539,6.348,17.6,9.2,171,17.7,9.1,204,176,93,161,172,91,146,0.2987,0.623370218323544,"Narinho"
356,1,1,0,0,0,0,1,2307,36,2,3,70,1.529360067,1.6490497,4.1522457,4.678530467,14.7,8.1,204,14.9,8.4,197,148,76,224,149,72,333,0.3,0.874442475382239,"Narinho"
357,0,0,0,1,0,0,0,2001,11,3,2,65,6.348,7.576,10.1728177,7.616607967,17.1,9.2,145,16.6,8.6,211,165,85,296,169,95,266,0.30159,0.200072673615068,"Narinho"
358,1,1,0,0,0,0,1,2307,36,2,3,70,1.385043767,0.8442071,3.424325433,1.711834997,15,7.9,233,14.8,8.1,164,145,80,131,144,76,187,0.30952,0.616995410760865,"Narinho"
359,0,0,0,1,0,0,0,1958,13,3,2,66,1.6196872,1.858177233,3.979479267,0.7303236,17.3,9.7,54,17.4,9.3,162,176,92,202,174,93,161,0.31349,0.155145182507113,"Narinho"
360,0,0,0,1,0,0,0,2001,11,3,2,65,2.991369667,2.985789233,0.4490539,6.348,17.4,9.3,162,17.6,9.2,202,174,93,161,172,92,148,0.31746,0.112505598692223,"Narinho"
361,0,0,0,1,0,0,0,1958,13,3,2,66,7.498,10.69884203,6.932583633,2.1424454,16.6,8.6,211,16.5,8.5,296,169,95,266,173,107,88,0.31746,0.0442210780456662,"Narinho"
362,1,0,0,1,0,0,0,2051,11,3,2,67,4.3910539,3.882,7.257728033,11.103663,16.7,9.1,149,16.7,9.2,149,163,86,214,162,85,302,0.32738,0.314706606091931,"Narinho"
363,1,1,0,0,0,0,1,2307,36,2,3,70,3.352851,1.760601497,4.2564051,5.2685029,14.5,8,131,14.4,7.6,187,143,74,294,143,73,359,0.32857,0.0845502894371748,"Narinho"
364,1,1,0,0,0,0,1,2307,36,2,3,70,1.125383167,4.006805267,4.5879162,3.550940333,14.9,8.4,197,14.8,7.6,224,149,72,333,142,75,314,0.33095,0.258779844036326,"Narinho"
365,0,0,0,1,0,0,0,2001,11,3,2,65,6.348,4.744,10.76607887,9.8553468,17.2,9.2,148,17.1,9.2,145,166,86,211,165,85,296,0.33333,0.407342829508707,"Narinho"
366,0,0,0,1,0,0,0,1958,13,3,2,66,2.935277567,2.609473233,3.4390539,4.406,17.6,9.2,202,17.4,9.3,161,172,92,148,171,92,145,0.3373,0.888783277478069,"Narinho"
367,1,1,0,0,0,0,1,2307,36,2,3,70,3.198423433,0.505885133,3.169303,1.818941397,15,7.9,233,14.8,8.1,164,145,80,131,144,76,187,0.3381,0.113860054174438,"Narinho"
368,1,0,0,1,0,0,0,2051,11,3,2,67,2.882,7.9504142,11.33875483,5.016660233,16.7,9.2,149,16.3,8.6,214,162,85,302,167,96,269,0.33929,0.326858217362314,"Narinho"
369,1,0,0,0,0,1,0,2010,9,3,2,37,1.4639445,2.991369667,2.985789233,0.4490539,17,9.6,50,17.2,9.2,166,171,91,205,170,93,164,0.34026,0.0171375914942473,"Narinho"
370,0,0,0,1,0,0,0,2001,11,3,2,65,1.4639445,2.991369667,2.985789233,0.4490539,17.3,9.7,54,17.4,9.3,162,176,92,202,174,93,161,0.34127,0.140510743716732,"Narinho"
371,0,0,0,1,0,0,0,1958,13,3,2,66,4.962,10.89134387,9.5120818,1.875124,17.1,9.2,145,16.6,8.6,211,165,85,296,169,95,266,0.34127,0.213567239232361,"Narinho"
372,0,0,0,1,0,0,0,1958,13,3,2,66,6.584,8.260950333,10.5557529,6.312722433,17.1,9.2,145,16.6,8.6,211,165,85,296,169,95,266,0.34524,0.82749011949636,"Narinho"
373,1,0,0,1,0,0,0,2051,11,3,2,67,6.348,7.05,10.1814147,8.134010967,16.7,9.1,149,16.7,9.2,149,163,86,214,162,85,302,0.35119,0.360004261601716,"Narinho"
374,0,0,0,1,0,0,0,1958,13,3,2,66,2.991369667,2.985789233,0.4490539,6.348,17.4,9.3,162,17.6,9.2,202,174,93,161,172,92,148,0.35317,0.981812133220956,"Narinho"
375,1,0,0,1,0,0,0,2051,11,3,2,67,1.3600291,6.3102833,3.37,10.0386372,17,9.3,163,16.7,9.1,149,167,92,149,163,86,214,0.35714,0.68348007556051,"Narinho"
376,1,0,0,1,0,0,0,2051,11,3,2,67,6.146,7.802775733,10.7557842,6.078865733,16.7,9.2,149,16.3,8.6,214,162,85,302,167,96,269,0.35714,0.852764151524752,"Narinho"
377,0,0,0,1,0,0,0,1958,13,3,2,66,3.28,7.9242132,10.90207383,5.543542233,17.1,9.2,145,16.6,8.6,211,165,85,296,169,95,266,0.35714,0.557960629928857,"Narinho"
378,0,0,0,1,0,0,0,1958,13,3,2,66,1.858177233,3.979479267,0.7303236,6.248,17.4,9.3,162,17.6,9.2,202,174,93,161,172,92,148,0.36111,0.288432960398495,"Narinho"
379,1,1,0,0,0,0,1,2307,36,2,3,70,2.7909908,2.080983197,5.3748122,3.8231898,14.5,8,131,14.4,7.6,187,143,74,294,143,73,359,0.3619,0.912028743652627,"Narinho"
380,1,0,0,1,0,0,0,2051,11,3,2,67,0.6325127,6.348,4.744,10.76607887,17,9.3,163,16.7,9.1,149,167,92,149,163,86,214,0.3631,0.0734732018318027,"Narinho"
381,0,0,0,1,0,0,0,2001,11,3,2,65,1.4694094,2.858602567,2.564875533,4.8050539,17.4,9.3,162,17.6,9.2,202,174,93,161,172,92,148,0.36508,0.642424364574254,"Narinho"
382,0,0,0,1,0,0,0,1958,13,3,2,66,3.698,10.16289523,7.4350588,5.804896933,17.1,9.2,145,16.6,8.6,211,165,85,296,169,95,266,0.36905,0.105210391106084,"Narinho"
383,1,1,0,0,0,0,1,2307,36,2,3,70,3.7957019,2.708897967,1.2617441,1.090431367,14.3,7.3,359,14.6,8,248,147,81,204,149,84,197,0.36905,0.649880156852305,"Narinho"
384,1,1,0,0,0,0,1,2307,36,2,3,70,1.490694767,1.018937,4.036146067,4.423865,14.7,8.1,204,14.9,8.4,197,148,76,224,149,72,333,0.37381,0.949798057088628,"Narinho"
385,1,1,0,0,0,0,1,2307,36,2,3,70,4.457345197,1.402927133,1.4770781,2.8522697,14.2,7.5,314,15,7.9,233,148,81,164,145,80,131,0.37381,0.409232334699482,"Narinho"
386,1,0,0,0,0,1,0,2010,9,3,2,37,1.4694094,2.858602567,2.564875533,4.8050539,17.2,9.2,166,17.1,9.1,205,170,93,164,167,91,149,0.37662,0.842260397272184,"Narinho"
387,1,0,0,0,0,1,0,2146,15,3,2,70,0.4490539,6.348,7.576,10.1728177,15.8,9.2,184,15.5,8.9,161,155,92,165,152,86,227,0.38095,0.434610188938677,"Narinho"
388,1,1,0,0,0,0,1,2307,36,2,3,70,1.4904492,1.006705167,3.559744267,4.7913762,14.7,8.1,204,14.9,8.4,197,148,76,224,149,72,333,0.38333,0.592070412822068,"Narinho"
389,1,1,0,0,0,0,1,2307,36,2,3,70,1.4504941,1.279280867,3.553902267,3.436973633,14.7,8.1,204,14.9,8.4,197,148,76,224,149,72,333,0.38571,0.402548207435757,"Narinho"
390,1,0,0,1,0,0,0,2051,11,3,2,67,0.4490539,6.348,7.576,10.1728177,17,9.3,163,16.7,9.1,149,167,92,149,163,86,214,0.39286,0.282680277712643,"Narinho"
391,0,0,0,1,0,0,0,2001,11,3,2,65,1.6196872,1.858177233,3.979479267,0.7303236,17.3,9.7,54,17.4,9.3,162,176,92,202,174,93,161,0.39683,0.342573970323429,"Narinho"
392,0,0,0,1,0,0,0,1958,13,3,2,66,3.466876267,1.3041268,6.0431731,3.364,17.6,9.2,202,17.4,9.3,161,172,92,148,171,92,145,0.39683,0.6887953937985,"Narinho"
393,1,1,0,0,0,0,1,2307,36,2,3,70,4.4940516,1.006065133,2.638219167,2.034713133,14.2,7.5,314,15,7.9,233,148,81,164,145,80,131,0.41667,0.110247534932569,"Narinho"
394,1,1,0,0,0,0,1,2307,36,2,3,70,1.292576267,3.525988867,4.457657933,3.145616267,14.9,8.4,197,14.8,7.6,224,149,72,333,142,75,314,0.41905,0.545850593596697,"Narinho"
395,0,0,0,1,0,0,0,2001,11,3,2,65,6.3102833,3.37,10.0386372,7.588656533,17.2,9.2,148,17.1,9.2,145,166,86,211,165,85,296,0.42857,0.747848123079166,"Narinho"
396,1,1,0,0,0,0,1,2307,36,2,3,70,3.400791433,1.587395297,5.578074733,3.818012967,14.5,8,131,14.4,7.6,187,143,74,294,143,73,359,0.43095,0.580991215305403,"Narinho"
397,1,0,0,0,0,1,0,2146,15,3,2,70,0.6325127,6.348,4.744,10.76607887,15.8,9.2,184,15.5,8.9,161,155,92,165,152,86,227,0.46131,0.0970658978912979,"Narinho"
398,0,0,0,1,0,0,0,1958,13,3,2,66,4.064582967,0.7303236,6.248,3.836,17.6,9.2,202,17.4,9.3,161,172,92,148,171,92,145,0.47619,0.892642590682954,"Narinho"
399,1,0,0,0,0,1,0,1892,12,3,2,29,2.935277567,2.609473233,3.4390539,4.406,17.7,9.1,204,17.6,9.3,161,172,91,146,171,91,143,0.48052,0.0275041437707841,"Narinho"
400,0,0,0,1,0,0,0,1958,13,3,2,66,3.4390539,4.406,7.590515833,10.8790832,17.2,9.2,148,17.1,9.2,145,166,86,211,165,85,296,0.4881,0.952321967575699,"Narinho"
401,1,0,0,0,0,1,0,2010,9,3,2,37,2.882,7.9504142,11.33875483,5.016660233,16.6,9.1,148,16.2,8.5,212,162,84,300,167,94,274,0.48831,0.892474402906373,"Narinho"
402,0,0,0,1,0,0,0,2001,11,3,2,65,4.7677761,3.468,7.483230533,10.8781605,17.2,9.2,148,17.1,9.2,145,166,86,211,165,85,296,0.49206,0.337410332635045,"Narinho"
403,1,1,0,0,0,0,1,2307,36,2,3,70,1.594145567,3.539792667,3.266171933,4.096487167,14.9,8.4,197,14.8,7.6,224,149,72,333,142,75,314,0.51429,0.572985533857718,"Narinho"
404,1,1,0,0,0,0,1,2307,36,2,3,70,3.766939667,5.1590607,3.039027833,3.319416237,14.8,7.6,224,14.9,7.2,333,142,75,314,150,79,233,0.51667,0.967259039403871,"Narinho"
405,0,0,0,1,0,0,0,2001,11,3,2,65,2.935277567,2.609473233,3.4390539,4.406,17.6,9.2,202,17.4,9.3,161,172,92,148,171,92,145,0.52381,0.256663203937933,"Narinho"
406,1,0,0,0,0,1,0,2010,9,3,2,37,2.991369667,2.985789233,0.4490539,6.348,17.2,9.2,166,17.1,9.1,205,170,93,164,167,91,149,0.52468,0.786471917293966,"Narinho"
407,1,0,0,1,0,0,0,2058,16,3,2,41,2.991369667,2.985789233,0.4490539,6.348,17.4,9.3,162,17.6,9.2,202,174,93,161,172,92,148,0.54167,0.215877982089296,"Narinho"
408,0,0,0,1,0,0,0,1958,13,3,2,66,6.348,6.654,10.3819792,8.329446467,17.2,9.2,148,17.1,9.2,145,166,86,211,165,85,296,0.54762,0.66351655870676,"Narinho"
409,1,0,0,0,0,1,0,2146,15,3,2,70,1.3600291,6.3102833,3.37,10.0386372,15.8,9.2,184,15.5,8.9,161,155,92,165,152,86,227,0.54762,0.526557657402009,"Narinho"
410,1,0,0,0,0,1,0,2146,15,3,2,70,1.4694094,2.858602567,2.564875533,4.8050539,15.9,9.1,160,16,9,205,158,92,184,155,89,161,0.5506,0.438472235575318,"Narinho"
411,0,0,0,1,0,0,0,1958,13,3,2,66,3.546941767,0.4490539,6.348,6.654,17.6,9.2,202,17.4,9.3,161,172,92,148,171,92,145,0.5754,0.0835985108278692,"Narinho"
412,1,0,0,0,0,1,0,2146,15,3,2,70,1.4649276,2.962672267,2.979938333,0.4490539,15.9,9.1,160,16,9,205,158,92,184,155,89,161,0.57738,0.825040420051664,"Narinho"
413,1,0,1,0,0,0,0,2062,13,3,2,70,1.4639445,2.991369667,2.985789233,0.4490539,17,9.6,49,17.2,9.2,159,171,91,201,170,93,163,0.58333,0.94992285175249,"Narinho"
414,1,0,0,0,0,1,0,2146,15,3,2,70,0.881645003,1.4238562,2.937950467,2.867430433,15.6,9.3,39,15.9,9.1,160,160,90,205,158,92,184,0.58631,0.709925032686442,"Narinho"
415,1,0,0,0,0,1,0,2146,15,3,2,70,1.6538384,1.887321833,4.018048667,0.6284584,15.6,9.3,39,15.9,9.1,160,160,90,205,158,92,184,0.58929,0.892825693357736,"Narinho"
416,1,0,0,0,0,1,0,2146,15,3,2,70,1.517618,4.7677761,3.468,7.483230533,15.8,9.2,184,15.5,8.9,161,155,92,165,152,86,227,0.59226,0.74998297682032,"Narinho"
417,1,0,0,1,0,0,0,2058,16,3,2,41,0.4490539,6.348,7.576,10.1728177,17.4,9.3,161,17.2,9.2,148,171,92,145,166,86,211,0.59524,0.222100772894919,"Narinho"
418,1,0,0,0,0,1,0,2146,15,3,2,70,4.064582967,0.7303236,6.248,3.836,16,9,205,15.8,9.2,184,155,89,161,155,92,165,0.59524,0.00129971164278686,"Narinho"
419,1,0,0,0,0,1,0,2010,9,3,2,37,6.146,7.802775733,10.7557842,6.078865733,16.6,9.1,148,16.2,8.5,212,162,84,300,167,94,274,0.6,0.152089002076536,"Narinho"
420,1,0,0,0,0,1,0,2146,15,3,2,70,3.546941767,0.4490539,6.348,6.654,16,9,205,15.8,9.2,184,155,89,161,155,92,165,0.60417,0.891240152530372,"Narinho"
421,1,0,0,1,0,0,0,2058,16,3,2,41,0.6325127,6.348,4.744,10.76607887,17.4,9.3,161,17.2,9.2,148,171,92,145,166,86,211,0.60714,0.928375731920823,"Narinho"
422,0,0,0,1,0,0,0,1958,13,3,2,66,6.248,3.836,10.90714687,8.0385618,17.2,9.2,148,17.1,9.2,145,166,86,211,165,85,296,0.61111,0.971289417007938,"Narinho"
423,1,0,0,0,0,1,0,2146,15,3,2,70,1.858177233,3.979479267,0.7303236,6.248,15.9,9.1,160,16,9,205,158,92,184,155,89,161,0.6131,0.816419342998415,"Narinho"
424,1,0,0,0,0,1,0,2146,15,3,2,70,1.7840713,1.683351333,3.725920667,1.1598462,15.6,9.3,39,15.9,9.1,160,160,90,205,158,92,184,0.625,0.0252223813440651,"Narinho"
425,0,0,0,1,0,0,0,2001,11,3,2,65,3.466876267,1.3041268,6.0431731,3.364,17.6,9.2,202,17.4,9.3,161,172,92,148,171,92,145,0.63492,0.743965905392542,"Narinho"
426,0,0,0,1,0,0,0,2001,11,3,2,65,0.5387561,6.348,4.962,10.89134387,17.4,9.3,161,17.2,9.2,148,171,92,145,166,86,211,0.63492,0.910866864025593,"Narinho"
427,1,0,0,0,0,1,0,2146,15,3,2,70,3.466876267,1.3041268,6.0431731,3.364,16,9,205,15.8,9.2,184,155,89,161,155,92,165,0.63988,0.699879202526063,"Narinho"
428,0,0,0,1,0,0,0,2001,11,3,2,65,0.4490539,6.584,7.498,10.69884203,17.2,9.2,148,17.1,9.2,145,166,86,211,165,85,296,0.64286,0.67563065700233,"Narinho"
429,0,0,0,1,0,0,0,1958,13,3,2,66,6.0431731,3.364,7.072296533,10.9428725,17.2,9.2,148,17.1,9.2,145,166,86,211,165,85,296,0.65873,0.661350002279505,"Narinho"
430,1,0,1,0,0,0,0,2062,13,3,2,70,1.6196872,1.858177233,3.979479267,0.7303236,17,9.6,49,17.2,9.2,159,171,91,201,170,93,163,0.66071,0.810575008625165,"Narinho"
431,0,0,0,1,0,0,0,2001,11,3,2,65,4.064582967,0.7303236,6.248,3.836,17.6,9.2,202,17.4,9.3,161,172,92,148,171,92,145,0.6746,0.263768047327176,"Narinho"
432,0,0,0,1,0,0,0,1958,13,3,2,66,0.7303236,6.248,4.596,10.73220073,17.4,9.3,161,17.2,9.2,148,171,92,145,166,86,211,0.71032,0.823177231941372,"Narinho"
433,0,0,0,1,0,0,0,2001,11,3,2,65,0.8295462,6.2721453,3.698,10.16289523,17.4,9.3,161,17.2,9.2,148,171,92,145,166,86,211,0.71429,0.811319939559326,"Narinho"
434,1,0,0,0,0,1,0,2010,9,3,2,37,1.858177233,3.979479267,0.7303236,6.248,17.2,9.2,166,17.1,9.1,205,170,93,164,167,91,149,0.72208,0.613612439483404,"Narinho"
435,1,0,0,0,1,0,0,2037,11,3,2,67,1.4639445,2.991369667,2.985789233,0.4490539,17,9.6,49,17.2,9.2,159,171,91,201,170,93,163,0.74048,0.041980083566159,"Narinho"
436,1,0,0,0,1,0,0,2037,11,3,2,67,2.935277567,2.609473233,3.4390539,4.406,17.1,9.1,201,17,9.3,163,167,91,149,167,92,149,0.75476,0.291926189558581,"Narinho"
437,1,0,1,0,0,0,0,2062,13,3,2,70,3.466876267,1.3041268,6.0431731,3.364,17.1,9.1,201,17,9.3,163,167,91,149,167,92,149,0.7619,0.262079105479643,"Narinho"
438,1,0,1,0,0,0,0,2062,13,3,2,70,1.4694094,2.858602567,2.564875533,4.8050539,17.2,9.2,159,17.1,9.1,201,170,93,163,167,91,149,0.76786,0.0315236130263656,"Narinho"
439,1,0,0,0,0,1,0,2146,15,3,2,70,2.991369667,2.985789233,0.4490539,6.348,15.9,9.1,160,16,9,205,158,92,184,155,89,161,0.77083,0.0267358319833875,"Narinho"
440,1,0,0,0,0,1,0,2010,9,3,2,37,6.348,7.05,10.1814147,8.134010967,16.7,9.1,149,16.6,9.1,148,162,85,212,162,84,300,0.78182,0.259710295125842,"Narinho"
441,0,0,0,1,0,0,0,2001,11,3,2,65,3.546941767,0.4490539,6.348,6.654,17.6,9.2,202,17.4,9.3,161,172,92,148,171,92,145,0.78571,0.255183188477531,"Narinho"
442,0,0,0,1,0,0,0,1958,13,3,2,66,0.4490539,6.348,7.314,10.120367,17.4,9.3,161,17.2,9.2,148,171,92,145,166,86,211,0.78571,0.65514531545341,"Narinho"
443,1,0,0,1,0,0,0,2058,16,3,2,41,1.3600291,6.3102833,3.37,10.0386372,17.4,9.3,161,17.2,9.2,148,171,92,145,166,86,211,0.79167,0.667365395231172,"Narinho"
444,1,0,0,0,0,1,0,2146,15,3,2,70,1.380571703,1.516454,3.9261792,1.3150905,15.6,9.3,39,15.9,9.1,160,160,90,205,158,92,184,0.79167,0.603609725600109,"Narinho"
445,0,0,0,1,0,0,0,1958,13,3,2,66,2.564875533,4.8050539,3.468,7.483230533,17.4,9.3,161,17.2,9.2,148,171,92,145,166,86,211,0.79365,0.465293596964329,"Narinho"
446,0,0,0,1,0,0,0,2001,11,3,2,65,1.3808654,4.7960552,3.28,7.9242132,17.4,9.3,161,17.2,9.2,148,171,92,145,166,86,211,0.80952,0.99744678591378,"Narinho"
447,1,0,0,1,0,0,0,2058,16,3,2,41,1.517618,4.7677761,3.468,7.483230533,17.4,9.3,161,17.2,9.2,148,171,92,145,166,86,211,0.80952,0.800589529564604,"Narinho"
448,1,0,0,0,1,0,0,2037,11,3,2,67,3.466876267,1.3041268,6.0431731,3.364,17.1,9.1,201,17,9.3,163,167,91,149,167,92,149,0.81905,0.276359557174146,"Narinho"
449,1,0,0,0,1,0,0,2037,11,3,2,67,1.6196872,1.858177233,3.979479267,0.7303236,17,9.6,49,17.2,9.2,159,171,91,201,170,93,163,0.82619,0.0624612115789205,"Narinho"
450,1,0,0,1,0,0,0,2058,16,3,2,41,2.935277567,2.609473233,3.4390539,4.406,17.6,9.2,202,17.4,9.3,161,172,92,148,171,92,145,0.82738,0.879215301247314,"Narinho"
451,1,0,0,0,0,1,0,2146,15,3,2,70,2.935277567,2.609473233,3.4390539,4.406,16,9,205,15.8,9.2,184,155,89,161,155,92,165,0.85714,0.846638109534979,"Narinho"
452,0,0,0,1,0,0,0,2001,11,3,2,65,2.780262133,0.4490539,6.584,8.260950333,17.4,9.3,161,17.2,9.2,148,171,92,145,166,86,211,0.87302,0.446546118473634,"Narinho"
453,1,0,0,1,0,0,0,2058,16,3,2,41,3.466876267,1.3041268,6.0431731,3.364,17.6,9.2,202,17.4,9.3,161,172,92,148,171,92,145,0.88095,0.282276526093483,"Narinho"
454,1,0,1,0,0,0,0,2062,13,3,2,70,2.991369667,2.985789233,0.4490539,6.348,17.2,9.2,159,17.1,9.1,201,170,93,163,167,91,149,0.8869,0.212965590180829,"Narinho"
455,1,0,0,1,0,0,0,2058,16,3,2,41,3.546941767,0.4490539,6.348,6.654,17.6,9.2,202,17.4,9.3,161,172,92,148,171,92,145,0.92262,0.584557082038373,"Narinho"
456,1,0,0,0,0,1,0,2010,9,3,2,37,6.248,4.596,10.51672053,9.1327058,16.7,9.1,149,16.6,9.1,148,162,85,212,162,84,300,0.93247,0.0483496831730008,"Narinho"
457,1,0,0,0,0,1,0,2010,9,3,2,37,6.4232637,3.22,7.1268142,10.59835483,16.7,9.1,149,16.6,9.1,148,162,85,212,162,84,300,0.97662,0.874318835092708,"Narinho"
458,1,0,1,0,0,0,0,2062,13,3,2,70,2.935277567,2.609473233,3.4390539,4.406,17.1,9.1,201,17,9.3,163,167,91,149,167,92,149,0.9881,0.734331855783239,"Narinho"
459,1,0,0,0,0,1,0,2010,9,3,2,37,3.466876267,1.3041268,6.0431731,3.364,17.1,9.1,205,17,9.3,164,167,91,149,166,91,148,0.98961,0.240442984737456,"Narinho"
460,1,0,0,0,1,0,0,2037,11,3,2,67,1.517618,4.7677761,3.468,7.483230533,17,9.3,163,16.7,9.1,149,167,92,149,163,86,214,1.00238,0.589255498722196,"Narinho"
461,1,0,0,0,1,0,0,2037,11,3,2,67,4.064582967,0.7303236,6.248,3.836,17.1,9.1,201,17,9.3,163,167,91,149,167,92,149,1.00476,0.0333238453604281,"Narinho"
462,1,0,0,0,0,1,0,2010,9,3,2,37,2.935277567,2.609473233,3.4390539,4.406,17.1,9.1,205,17,9.3,164,167,91,149,166,91,148,1.01039,0.657164608826861,"Narinho"
463,1,0,0,0,0,1,0,2010,9,3,2,37,4.3910539,3.882,7.257728033,11.103663,16.7,9.1,149,16.6,9.1,148,162,85,212,162,84,300,1.01299,0.885182352503762,"Narinho"
464,1,0,0,0,1,0,0,2037,11,3,2,67,2.882,7.9504142,11.33875483,5.016660233,16.7,9.2,149,16.3,8.6,214,162,85,302,167,96,269,1.02857,0.243593866936862,"Narinho"
465,1,0,0,0,0,1,0,2010,9,3,2,37,0.4490539,6.348,7.576,10.1728177,17,9.3,164,16.7,9.1,149,166,91,148,162,85,212,1.05974,0.430881993612275,"Narinho"
466,1,0,0,0,1,0,0,2037,11,3,2,67,3.546941767,0.4490539,6.348,6.654,17.1,9.1,201,17,9.3,163,167,91,149,167,92,149,1.08095,0.812947769882157,"Narinho"
467,1,0,0,0,1,0,0,2037,11,3,2,67,1.3600291,6.3102833,3.37,10.0386372,17,9.3,163,16.7,9.1,149,167,92,149,163,86,214,1.10714,0.913064825581387,"Narinho"
468,1,0,0,1,0,0,0,2058,16,3,2,41,4.064582967,0.7303236,6.248,3.836,17.6,9.2,202,17.4,9.3,161,172,92,148,171,92,145,1.1131,0.10604878840968,"Narinho"
469,1,0,1,0,0,0,0,2062,13,3,2,70,1.858177233,3.979479267,0.7303236,6.248,17.2,9.2,159,17.1,9.1,201,170,93,163,167,91,149,1.11905,0.453876956598833,"Narinho"
470,1,0,0,0,0,1,0,2010,9,3,2,37,4.064582967,0.7303236,6.248,3.836,17.1,9.1,205,17,9.3,164,167,91,149,166,91,148,1.18182,0.238000908400863,"Narinho"
471,1,0,0,0,1,0,0,2037,11,3,2,67,6.146,7.802775733,10.7557842,6.078865733,16.7,9.2,149,16.3,8.6,214,162,85,302,167,96,269,1.21905,0.0931854294613004,"Narinho"
472,1,0,0,0,0,1,0,2010,9,3,2,37,1.517618,4.7677761,3.468,7.483230533,17,9.3,164,16.7,9.1,149,166,91,148,162,85,212,1.23896,0.136295426636934,"Narinho"
473,1,0,0,0,0,1,0,2010,9,3,2,37,1.3600291,6.3102833,3.37,10.0386372,17,9.3,164,16.7,9.1,149,166,91,148,162,85,212,1.27013,0.609014373039827,"Narinho"
474,1,0,0,0,0,1,0,2010,9,3,2,37,0.6325127,6.348,4.744,10.76607887,17,9.3,164,16.7,9.1,149,166,91,148,162,85,212,1.3039,0.676714066881686,"Narinho"
475,1,0,0,0,0,1,0,2010,9,3,2,37,3.546941767,0.4490539,6.348,6.654,17.1,9.1,205,17,9.3,164,167,91,149,166,91,148,1.31169,0.236453789286315,"Narinho"
476,1,0,0,0,1,0,0,2037,11,3,2,67,3.786,10.66023523,7.0196771,5.874637333,16.7,9.2,149,16.3,8.6,214,162,85,302,167,96,269,1.32381,0.683281884994358,"Narinho"
477,1,0,0,0,1,0,0,2037,11,3,2,67,0.6325127,6.348,4.744,10.76607887,17,9.3,163,16.7,9.1,149,167,92,149,163,86,214,1.42381,0.523097908357158,"Narinho"
478,1,0,0,0,1,0,0,2037,11,3,2,67,6.348,7.05,10.1814147,8.134010967,16.7,9.1,149,16.7,9.2,149,163,86,214,162,85,302,1.42857,0.606187010882422,"Narinho"
479,1,0,0,0,1,0,0,2037,11,3,2,67,0.4490539,6.348,7.576,10.1728177,17,9.3,163,16.7,9.1,149,167,92,149,163,86,214,1.43095,0.8522919556126,"Narinho"
480,1,0,0,0,1,0,0,2037,11,3,2,67,6.248,4.596,10.51672053,9.1327058,16.7,9.1,149,16.7,9.2,149,163,86,214,162,85,302,1.50714,0.312844169326127,"Narinho"
481,1,0,0,0,1,0,0,2037,11,3,2,67,4.3910539,3.882,7.257728033,11.103663,16.7,9.1,149,16.7,9.2,149,163,86,214,162,85,302,1.55,0.435137636726722,"Narinho"
482,1,0,1,0,0,0,0,2062,13,3,2,70,4.064582967,0.7303236,6.248,3.836,17.1,9.1,201,17,9.3,163,167,91,149,167,92,149,1.57738,0.648433364462107,"Narinho"
483,1,0,1,0,0,0,0,2062,13,3,2,70,0.4490539,6.348,7.576,10.1728177,17,9.3,163,16.7,9.1,149,167,92,149,163,86,214,1.66667,0.634510522708297,"Narinho"
484,1,0,0,0,1,0,0,2037,11,3,2,67,6.4232637,3.22,7.1268142,10.59835483,16.7,9.1,149,16.7,9.2,149,163,86,214,162,85,302,1.68571,0.109129124321043,"Narinho"
485,1,0,1,0,0,0,0,2062,13,3,2,70,3.546941767,0.4490539,6.348,6.654,17.1,9.1,201,17,9.3,163,167,91,149,167,92,149,1.76786,0.461150331655517,"Narinho"
486,1,0,1,0,0,0,0,2062,13,3,2,70,0.6325127,6.348,4.744,10.76607887,17,9.3,163,16.7,9.1,149,167,92,149,163,86,214,1.875,0.952625688398257,"Narinho"
487,1,0,1,0,0,0,0,2062,13,3,2,70,1.517618,4.7677761,3.468,7.483230533,17,9.3,163,16.7,9.1,149,167,92,149,163,86,214,2.07738,0.828736786497757,"Narinho"
488,1,0,1,0,0,0,0,2062,13,3,2,70,1.3600291,6.3102833,3.37,10.0386372,17,9.3,163,16.7,9.1,149,167,92,149,163,86,214,2.13095,0.20486600138247,"Narinho"
